tau,TAMSD_free
0.05,0.012188169323329522
0.1,0.027874167810324823
0.15000000000000002,0.047443501339664206
0.2,0.07067240518282435
0.25,0.09766116189023213
0.30000000000000004,0.1284826809201188
0.35000000000000003,0.16262320640466635
0.4,0.20044112607307862
0.45,0.24151680399436376
0.5,0.28594438932221816
0.55,0.33340549357585486
0.6000000000000001,0.384212936269553
0.65,0.43784084073793716
0.7000000000000001,0.4946159465508171
0.75,0.5540820307296015
0.8,0.616536057347278
0.8500000000000001,0.6812727565821788
0.9,0.7487970114564055
0.9500000000000001,0.8190151097544311
1.0,0.8918620103388688
1.05,0.9673824093491108
1.1,1.0452847828577658
1.1500000000000001,1.125555892530438
1.2000000000000002,1.2087740336578705
1.25,1.294382518239291
1.3,1.3824037891110434
1.35,1.4724048975910673
1.4000000000000001,1.5643919571353742
1.4500000000000002,1.658431514910958
1.5,1.754714232137465
1.55,1.8531817034246443
1.6,1.953484271643065
1.6500000000000001,2.0557265321831757
1.7000000000000002,2.1600759592604546
1.75,2.2662164519541705
1.8,2.3743958430709626
1.85,2.4843647336359016
1.9000000000000001,2.596227521388636
1.9500000000000002,2.709876041111377
2.0,2.8254400571044327
2.0500000000000003,2.942594964422105
2.1,3.0613107447986954
2.15,3.1813962105722218
2.2,3.3031736277720296
2.25,3.4265229834152544
2.3000000000000003,3.5511267260004713
2.35,3.6771137867528108
2.4000000000000004,3.8044895132728205
2.45,3.933928887738181
2.5,4.065198454872328
2.5500000000000003,4.1981007499092335
2.6,4.332710286208271
2.6500000000000004,4.468533866529145
2.7,4.606068076642508
2.75,4.745183852806545
2.8000000000000003,4.8856108077227685
2.85,5.0272682290439645
2.9000000000000004,5.170186844498428
2.95,5.314735928172603
3.0,5.460310252683577
3.0500000000000003,5.60681277050446
3.1,5.754825408916181
3.1500000000000004,5.903719448155373
3.2,6.053505271992628
3.25,6.2045332035585945
3.3000000000000003,6.35671321174821
3.35,6.510552592046055
3.4000000000000004,6.664952365278748
3.45,6.81991951452861
3.5,6.975761537046407
3.5500000000000003,7.1323868068876335
3.6,7.290495392154779
3.6500000000000004,7.449438586261545
3.7,7.609072332627512
3.75,7.770039231780896
3.8000000000000003,7.931761804942506
3.85,8.094247629971838
3.9000000000000004,8.25699612446636
3.95,8.420528702334442
4.0,8.58495283957859
4.05,8.750402407618035
4.1000000000000005,8.916083006735178
4.15,9.082495019949825
4.2,9.24902864744
4.25,9.415679712524245
4.3,9.58309032682614
4.3500000000000005,9.750789791974983
4.4,9.919574237655919
4.45,10.089283292799971
4.5,10.259722629103937
4.55,10.4306374163397
4.6000000000000005,10.602496895793614
4.65,10.775203577013059
4.7,10.948298329431594
4.75,11.121724616731019
4.800000000000001,11.296089502080774
4.8500000000000005,11.47114591241564
4.9,11.646807489027202
4.95,11.823392786696347
5.0,12.000445704716233
5.050000000000001,12.177909932328388
5.1000000000000005,12.35588035635222
5.15,12.534229166233656
5.2,12.71317737281299
5.25,12.893163687930839
5.300000000000001,13.073808871307635
5.3500000000000005,13.255113018396035
5.4,13.436511959620058
5.45,13.6183395937003
5.5,13.801189798799275
5.550000000000001,13.984456435658347
5.6000000000000005,14.168336632635098
5.65,14.35277323270908
5.7,14.537671959095379
5.75,14.722981558294414
5.800000000000001,14.908500272250224
5.8500000000000005,15.093994036969887
5.9,15.28024090664906
5.95,15.467053978096398
6.0,15.653915615412563
6.050000000000001,15.840990322607983
6.1000000000000005,16.0279656198568
6.15,16.215171254621385
6.2,16.40236446636647
6.25,16.58960399214668
6.300000000000001,16.77719787346043
6.3500000000000005,16.96502699098077
6.4,17.15314607948743
6.45,17.34129460388439
6.5,17.52930610518098
6.550000000000001,17.717567240736987
6.6000000000000005,17.90558313437889
6.65,18.093262048877264
6.7,18.280592968712654
6.75,18.467601743366075
6.800000000000001,18.653995915844643
6.8500000000000005,18.84047257813742
6.9,19.026450676299593
6.95,19.21238212348856
7.0,19.39827257492588
7.050000000000001,19.583910672124127
7.1000000000000005,19.769483670056992
7.15,19.95458417913641
7.2,20.13967207725754
7.25,20.32515949660467
7.300000000000001,20.5104334648743
7.3500000000000005,20.69547823598773
7.4,20.88099997915206
7.45,21.06595822360661
7.5,21.250350618744847
7.550000000000001,21.43488616213506
7.6000000000000005,21.61916293037923
7.65,21.803987713197305
7.7,21.98856661507847
7.75,22.172916156980662
7.800000000000001,22.35736549957288
7.8500000000000005,22.541869755769227
7.9,22.726595213409503
7.95,22.9107303299773
8.0,23.094454623939026
8.05,23.277927440040123
8.1,23.461437107889612
8.15,23.64506563898464
8.200000000000001,23.82828220314977
8.25,24.011736253815073
8.3,24.19482438853323
8.35,24.377577876403564
8.4,24.560348860468967
8.450000000000001,24.74328664743212
8.5,24.925866684565094
8.55,25.108052738456905
8.6,25.2896429413895
8.65,25.471323849622234
8.700000000000001,25.65284437409452
8.75,25.834533469002846
8.8,26.017120012915342
8.85,26.199112016824877
8.9,26.380565506774595
8.950000000000001,26.561422205322675
9.0,26.741880389270733
9.05,26.922393916357073
9.1,27.10209485397494
9.15,27.28143900415753
9.200000000000001,27.460577856677737
9.25,27.63958686646811
9.3,27.818283181774035
9.35,27.99693444876899
9.4,28.175392286162054
9.450000000000001,28.35387570192629
9.5,28.53251159120986
9.55,28.710704947738645
9.600000000000001,28.889100841424032
9.65,29.067605992141974
9.700000000000001,29.24590856429803
9.75,29.42401663107768
9.8,29.60173946318136
9.850000000000001,29.780040035687705
9.9,29.95819718074141
9.950000000000001,30.136910842367236
10.0,30.31521755532382
10.05,30.493755537172838
10.100000000000001,30.672293081126288
10.15,30.850702311007243
10.200000000000001,31.028593558532126
10.25,31.205295051572502
10.3,31.381908380628968
10.350000000000001,31.558616046592178
10.4,31.73507494034937
10.450000000000001,31.911775275350603
10.5,32.08855578390728
10.55,32.26556025413581
10.600000000000001,32.44273667643084
10.65,32.620474813172464
10.700000000000001,32.797993541303384
10.75,32.97577021268112
10.8,33.15388595713008
10.850000000000001,33.33225211945692
10.9,33.51057284839967
10.950000000000001,33.688952374007094
11.0,33.86714249738678
11.05,34.045269890955765
11.100000000000001,34.22351793734866
11.15,34.40229798081335
11.200000000000001,34.58065127653193
11.25,34.75860985812717
11.3,34.935929286205756
11.350000000000001,35.11325055456744
11.4,35.29090697327639
11.450000000000001,35.46831526676858
11.5,35.64564849673722
11.55,35.822930445391215
11.600000000000001,36.000058639260835
11.65,36.17671105352472
11.700000000000001,36.35247709315316
11.75,36.52801250991471
11.8,36.7031195051582
11.850000000000001,36.878077215136564
11.9,37.05286184890865
11.950000000000001,37.22752178322393
12.0,37.40234221842537
12.05,37.577008985917075
12.100000000000001,37.75170557348205
12.15,37.927467508517864
12.200000000000001,38.1033222946453
12.25,38.27900323311977
12.3,38.45464476663792
12.350000000000001,38.63027824589599
12.4,38.806361778593065
12.450000000000001,38.98246936958496
12.5,39.158768405405944
12.55,39.33569246704768
12.600000000000001,39.51289149526535
12.65,39.689269454930944
12.700000000000001,39.86568508002946
12.75,40.0421576001205
12.8,40.21863155378196
12.850000000000001,40.39491232761743
12.9,40.57094891819057
12.950000000000001,40.74748990866388
13.0,40.9241686131789
13.05,41.10095484353872
13.100000000000001,41.277772313702094
13.15,41.45439555327452
13.200000000000001,41.63146994828623
13.25,41.8089324472666
13.3,41.98730412321621
13.350000000000001,42.16592703742118
13.4,42.34506943925077
13.450000000000001,42.52435209017821
13.5,42.703686236507
13.55,42.88374063459883
13.600000000000001,43.063803627935904
13.65,43.244272003656974
13.700000000000001,43.425212310947586
13.75,43.606290250100464
13.8,43.78694010944296
13.850000000000001,43.96789028652583
13.9,44.148761437215086
13.950000000000001,44.32968318236571
14.0,44.51073383597894
14.05,44.69164713456659
14.100000000000001,44.87299374410377
14.15,45.05385248093026
14.200000000000001,45.235451158173824
14.25,45.416717762861154
14.3,45.59789202514044
14.350000000000001,45.77905706146428
14.4,45.96022452559011
14.450000000000001,46.14080850185309
14.5,46.3211416607347
14.55,46.50150010495875
14.600000000000001,46.681787892376384
14.65,46.86227536661925
14.700000000000001,47.04229601533049
14.75,47.222311295346714
14.8,47.40178934793082
14.850000000000001,47.58131527013814
14.9,47.76056392806017
14.950000000000001,47.93917918558101
15.0,48.117900395994354
15.05,48.29660842767678
15.100000000000001,48.47501689685667
15.15,48.65320152953895
15.200000000000001,48.83045911421709
15.25,49.007957614664996
15.3,49.18451994344088
15.350000000000001,49.35986939853405
15.4,49.53542875847369
15.450000000000001,49.710441421933325
15.5,49.8853252107621
15.55,50.060045128674986
15.600000000000001,50.2346637881514
15.65,50.40893325972864
15.700000000000001,50.58354598488787
15.75,50.75817455201003
15.8,50.93226087157501
15.850000000000001,51.1062132244558
15.9,51.27922075081297
15.950000000000001,51.451716163865136
16.0,51.62408561652535
16.05,51.79635392031568
16.1,51.968391819422564
16.150000000000002,52.140526974192746
16.2,52.31238713389403
16.25,52.48400251663089
16.3,52.6552333663545
16.35,52.82599319970943
16.400000000000002,52.99668260355781
16.45,53.16688427625306
16.5,53.33663894251486
16.55,53.5059111508117
16.6,53.675115852285614
16.650000000000002,53.84387461337832
16.7,54.012052114530405
16.75,54.17991512732305
16.8,54.34705523398732
16.85,54.514022344504006
16.900000000000002,54.680508437155936
16.95,54.846921946911664
17.0,55.012492502952384
17.05,55.17773044114917
17.1,55.34236919939164
17.150000000000002,55.50665529246027
17.2,55.6701482588196
17.25,55.83352689498237
17.3,55.996434418124636
17.35,56.158262550466574
17.400000000000002,56.319317049648376
17.45,56.47982463364781
17.5,56.639808332261715
17.55,56.799125272329206
17.6,56.95713265175097
17.650000000000002,57.1145286590641
17.7,57.27169143760075
17.75,57.42815181666976
17.8,57.58419308411014
17.85,57.73952119904457
17.900000000000002,57.89480084599675
17.95,58.049650557110965
18.0,58.20346793214362
18.05,58.35678833723802
18.1,58.509597508426076
18.150000000000002,58.66174701308092
18.2,58.813758607239784
18.25,58.96526379037786
18.3,59.115840254632104
18.35,59.266105829179345
18.400000000000002,59.41610870629565
18.45,59.56603529551916
18.5,59.71548780261091
18.55,59.86514637550394
18.6,60.01442499286392
18.650000000000002,60.16373898878761
18.7,60.31198045176367
18.75,60.460032836007876
18.8,60.607453439809596
18.85,60.75420008872807
18.900000000000002,60.90021900419281
18.95,61.045993061788685
19.0,61.191507348389806
19.05,61.336620407570095
19.1,61.4817457679972
19.150000000000002,61.62690560090241
19.200000000000003,61.771149967049965
19.25,61.91555420530781
19.3,62.05901176457744
19.35,62.20264144202537
19.400000000000002,62.34574295417295
19.450000000000003,62.48811437747314
19.5,62.63058906291602
19.55,62.772614159277026
19.6,62.91424644147752
19.650000000000002,63.05552396196142
19.700000000000003,63.197128192768055
19.75,63.338504401012926
19.8,63.479413209478764
19.85,63.619978147745556
19.900000000000002,63.7602594110329
19.950000000000003,63.900756813299324
20.0,64.04088820985706
20.05,64.1802056966908
20.1,64.31912792144121
20.150000000000002,64.45719892721331
20.200000000000003,64.5944585472471
20.25,64.73120384798096
20.3,64.86757133416371
20.35,65.00458860971709
20.400000000000002,65.14122419192546
20.450000000000003,65.27790085252401
20.5,65.41379640646497
20.55,65.54985556904246
20.6,65.68589122205314
20.650000000000002,65.8210047295144
20.700000000000003,65.95572409212588
20.75,66.0895537729931
20.8,66.22239340587471
20.85,66.35500858918984
20.900000000000002,66.48783229824126
20.950000000000003,66.62072469679862
21.0,66.75390647348786
21.05,66.88583526541922
21.1,67.0171810055489
21.150000000000002,67.14735747579873
21.200000000000003,67.27732528393635
21.25,67.40630393968705
21.3,67.53378442324683
21.35,67.66146276962291
21.400000000000002,67.78806047455186
21.450000000000003,67.91341329204235
21.5,68.0390144012162
21.55,68.16451313053834
21.6,68.28965697108865
21.650000000000002,68.41388044141897
21.700000000000003,68.53750102840192
21.75,68.6602363864758
21.8,68.78253849238403
21.85,68.90435340904337
21.900000000000002,69.02618359183774
21.950000000000003,69.14744158125364
22.0,69.26812592185341
22.05,69.3881945992292
22.1,69.50860209844807
22.150000000000002,69.62923984254677
22.200000000000003,69.74905879619762
22.25,69.86782834235058
22.3,69.98616643172431
22.35,70.10456739557583
22.400000000000002,70.22264208879015
22.450000000000003,70.3403228685189
22.5,70.45817952114996
22.55,70.57627740540963
22.6,70.6942207968989
22.650000000000002,70.81204218080703
22.700000000000003,70.9292542757188
22.75,71.0472219385184
22.8,71.16548678717128
22.85,71.28357145345683
22.900000000000002,71.40100332367277
22.950000000000003,71.51838236103016
23.0,71.6362477444057
23.05,71.7538542017802
23.1,71.87167365820406
23.150000000000002,71.9890807233177
23.200000000000003,72.10665447051382
23.25,72.223752063492
23.3,72.3416714357765
23.35,72.46029767929139
23.400000000000002,72.57940129197328
23.450000000000003,72.69804776168618
23.5,72.817436010558
23.55,72.93680328164105
23.6,73.05589843726843
23.650000000000002,73.17569943271478
23.700000000000003,73.29578233620381
23.75,73.41638976730702
23.8,73.53732737992472
23.85,73.6589425020696
23.900000000000002,73.78073158042417
23.950000000000003,73.90209861028247
24.0,74.02309198971953
24.05,74.14431733105606
24.1,74.26663201286783
24.150000000000002,74.38868409021465
24.200000000000003,74.5112153508962
24.25,74.6339476022182
24.3,74.75744599476486
24.35,74.88095012756305
24.400000000000002,75.00477604272199
24.450000000000003,75.12925914220297
24.5,75.25390690671959
24.55,75.37759027733547
24.6,75.50194832341401
24.650000000000002,75.62653857860457
24.700000000000003,75.75205892817941
24.75,75.87766457406505
24.8,76.00359617560464
24.85,76.12883525662237
24.900000000000002,76.25359839754213
24.950000000000003,76.37840999615977
25.0,76.50291560391129
25.05,76.62768194058172
25.1,76.75239767865581
25.150000000000002,76.87669695382652
25.200000000000003,77.00139015395318
25.25,77.12603060022731
25.3,77.25097187861967
25.35,77.37655383987641
25.400000000000002,77.50240883812586
25.450000000000003,77.62846877382795
25.5,77.75547308324354
25.55,77.8827926481232
25.6,78.01061074279659
25.650000000000002,78.13851758717588
25.700000000000003,78.26623168805486
25.75,78.39453112768324
25.8,78.52287971164652
25.85,78.65139611883242
25.900000000000002,78.77908077443668
25.950000000000003,78.90701807496085
26.0,79.03563159714194
26.05,79.16483239213316
26.1,79.29378144528019
26.150000000000002,79.42368175461154
26.200000000000003,79.55399677758567
26.25,79.6854476323447
26.3,79.81733820359979
26.35,79.94940155859322
26.400000000000002,80.082262474923
26.450000000000003,80.21515153141428
26.5,80.34896156892243
26.55,80.48287606410885
26.6,80.6163926975791
26.650000000000002,80.75010478558634
26.700000000000003,80.88423084469925
26.75,81.01836451794253
26.8,81.15213187067079
26.85,81.28634289904768
26.900000000000002,81.42195971077987
26.950000000000003,81.5569027142357
27.0,81.69123742885115
27.05,81.82641745705364
27.1,81.9623715537918
27.150000000000002,82.09883635843602
27.200000000000003,82.23606913477464
27.25,82.37334101925447
27.3,82.51147479959248
27.35,82.64997015889818
27.400000000000002,82.7894455182739
27.450000000000003,82.92917876745398
27.5,83.07009732241853
27.55,83.21182866345922
27.6,83.35388136703688
27.650000000000002,83.49644216122597
27.700000000000003,83.63915141799679
27.75,83.78207215723683
27.8,83.9256993096773
27.85,84.06947801420061
27.900000000000002,84.21359843115752
27.950000000000003,84.35810864618188
28.0,84.50292992616593
28.05,84.64859599434104
28.1,84.79442644598069
28.150000000000002,84.94078655629457
28.200000000000003,85.08815331593102
28.25,85.23654039570984
28.3,85.38540353423772
28.35,85.53435960716736
28.400000000000002,85.68429680324581
28.450000000000003,85.83429245990429
28.5,85.98523162002424
28.55,86.13646955206082
28.6,86.28832289076283
28.650000000000002,86.44219721572516
28.700000000000003,86.59630801723844
28.75,86.7516417769417
28.8,86.90736857149601
28.85,87.06284218806982
28.900000000000002,87.21924936941899
28.950000000000003,87.37627938847949
29.0,87.53392183016327
29.05,87.69195627288198
29.1,87.85063175874829
29.150000000000002,88.01016741566568
29.200000000000003,88.17194163566599
29.25,88.335503140072
29.3,88.49931779199325
29.35,88.66415307985305
29.400000000000002,88.82984160553676
29.450000000000003,88.99493228450893
29.5,89.16026631963751
29.55,89.32567552175269
29.6,89.49195281335223
29.650000000000002,89.65861297355072
29.700000000000003,89.82578003878704
29.75,89.99460080315365
29.8,90.16356930939585
29.85,90.33263730781974
29.900000000000002,90.50194003416506
29.950000000000003,90.67171777705731
30.0,90.84164117696919
30.05,91.01256527629796
30.1,91.18324262330889
30.150000000000002,91.3546498948565
30.200000000000003,91.52604702783881
30.25,91.69748993273723
30.3,91.86858663729187
30.35,92.04048552567697
30.400000000000002,92.21355291639878
30.450000000000003,92.38654879075906
30.5,92.56053530840055
30.55,92.73464803304795
30.6,92.90961611533564
30.650000000000002,93.08535056864338
30.700000000000003,93.26136257415935
30.75,93.43819206171344
30.8,93.61434171873154
30.85,93.79037842567925
30.900000000000002,93.96726715502786
30.950000000000003,94.14513713422963
31.0,94.3234024102632
31.05,94.50213555448494
31.1,94.68100554212909
31.150000000000002,94.8603212228486
31.200000000000003,95.03958710584183
31.25,95.2188915174125
31.3,95.39877152357622
31.35,95.57879215013102
31.400000000000002,95.7594768245704
31.450000000000003,95.94046058553076
31.5,96.1213430916638
31.55,96.3024903000839
31.6,96.48431754412964
31.650000000000002,96.66605210008272
31.700000000000003,96.8487681600493
31.75,97.03234130490432
31.8,97.2158768584787
31.85,97.39932282335111
31.900000000000002,97.58212965417161
31.950000000000003,97.76526590728282
32.0,97.94891573129668
32.050000000000004,98.1325689601939
32.1,98.3154420895703
32.15,98.49874279127799
32.2,98.6825557574492
32.25,98.86716058478481
32.300000000000004,99.05222971216394
32.35,99.23780659751138
32.4,99.42407846974884
32.45,99.61077109291047
32.5,99.79706167209629
32.550000000000004,99.98401760996349
32.6,100.17051489438187
32.65,100.35688760335991
32.7,100.54324735361762
32.75,100.72912304011676
32.800000000000004,100.91494244832784
32.85,101.10143257141887
32.9,101.28854199962369
32.95,101.47566064618594
33.0,101.66376970010356
33.050000000000004,101.85123689162967
33.1,102.03958708275304
33.15,102.22759449209018
33.2,102.41613003809756
33.25,102.60426051151735
33.300000000000004,102.79236958824953
33.35,102.98144866490959
33.4,103.17098019436412
33.45,103.36108294134257
33.5,103.55148404973896
33.550000000000004,103.74187442773109
33.6,103.93335040832416
33.65,104.12558852564769
33.7,104.3185176823583
33.75,104.51125328305021
33.800000000000004,104.7043732553269
33.85,104.89737111635127
33.9,105.09059133041973
33.95,105.28335761171816
34.0,105.4763126712797
34.050000000000004,105.66959040201651
34.1,105.86401587011936
34.15,106.05860027882815
34.2,106.25345144861642
34.25,106.44911975584783
34.300000000000004,106.64554372841575
34.35,106.84187646582642
34.4,107.03831479017107
34.45,107.23476915963616
34.5,107.43125201787043
34.550000000000004,107.62799602973966
34.6,107.82484880985697
34.65,108.02147987523327
34.7,108.2180116017424
34.75,108.41423982555047
34.800000000000004,108.61032529290038
34.85,108.80718209238832
34.9,109.00359986209972
34.95,109.19916164617935
35.0,109.39406298474243
35.050000000000004,109.58870444662122
35.1,109.78313407800553
35.15,109.97686132963855
35.2,110.17078992670594
35.25,110.36375514245165
35.300000000000004,110.55728784051836
35.35,110.75066269249798
35.4,110.94386115142743
35.45,111.13712421052941
35.5,111.32957774312864
35.550000000000004,111.52250951388294
35.6,111.71516802107487
35.65,111.90854341293966
35.7,112.10165092653872
35.75,112.29435963508851
35.800000000000004,112.48686345080334
35.85,112.67874396648763
35.9,112.86962219330763
35.95,113.05955636883212
36.0,113.24837985632487
36.050000000000004,113.43706699342482
36.1,113.62570811886111
36.15,113.81423245907959
36.2,114.0019849012182
36.25,114.18886076071544
36.300000000000004,114.37468390786687
36.35,114.55958874503693
36.4,114.74356322873285
36.45,114.9272221088564
36.5,115.10957907760434
36.550000000000004,115.2917677902664
36.6,115.47296174091062
36.65,115.6535125048953
36.7,115.83353428936498
36.75,116.01298447495992
36.800000000000004,116.19204023102287
36.85,116.37132885156751
36.9,116.55157757963943
36.95,116.73123019590548
37.0,116.90980605109769
37.050000000000004,117.08773565360852
37.1,117.26487650734825
37.15,117.44136510725745
37.2,117.61682488344113
37.25,117.7919252559309
37.300000000000004,117.9665606015851
37.35,118.14038272973886
37.4,118.3138092713406
37.45,118.48661307687814
37.5,118.6580758635234
37.550000000000004,118.82933049968594
37.6,119.00065327168716
37.65,119.17183660829342
37.7,119.34155262161528
37.75,119.5106301691279
37.800000000000004,119.67941051125855
37.85,119.84852406923054
37.9,120.01754491538509
37.95,120.18589387335615
38.0,120.35401547774339
38.050000000000004,120.5218886116046
38.1,120.69082866729015
38.15,120.85938558325726
38.2,121.02774796299089
38.25,121.19634231963855
38.300000000000004,121.36523045528288
38.35,121.53285978120083
38.400000000000006,121.69991661285913
38.45,121.8671254979619
38.5,122.03428076845944
38.550000000000004,122.20059203509611
38.6,122.36705042235022
38.650000000000006,122.53318399480727
38.7,122.69926154647966
38.75,122.86587630939597
38.800000000000004,123.03370455070363
38.85,123.20115156524078
38.900000000000006,123.36878807634683
38.95,123.53659055160799
39.0,123.70484336461021
39.050000000000004,123.8724271749046
39.1,124.04016529576388
39.150000000000006,124.20771805393507
39.2,124.37491057705195
39.25,124.54131782472598
39.300000000000004,124.70876078794502
39.35,124.87730248523793
39.400000000000006,125.045708650024
39.45,125.21423341955577
39.5,125.38258898422765
39.550000000000004,125.55213895543403
39.6,125.72138326806615
39.650000000000006,125.89069747152423
39.7,126.06005056182848
39.75,126.22936628049686
39.800000000000004,126.39967246327643
39.85,126.57037198534519
39.900000000000006,126.7401879750331
39.95,126.910370984306
40.0,127.08142918684275
40.050000000000004,127.252303888995
40.1,127.42257478169151
40.150000000000006,127.59460808440481
40.2,127.76638510296256
40.25,127.93667285631314
40.300000000000004,128.10647496532954
40.35,128.2775436274961
40.400000000000006,128.44914380630715
40.45,128.6203756994407
40.5,128.79083793030674
40.550000000000004,128.9607817391344
40.6,129.13072642580244
40.650000000000006,129.3002464274658
40.7,129.4697449119475
40.75,129.63876226545923
40.800000000000004,129.80751462078857
40.85,129.9762703366591
40.900000000000006,130.14509662589546
40.95,130.3150921276861
41.0,130.4852611315059
41.050000000000004,130.6545817579938
41.1,130.82437362557138
41.150000000000006,130.99483676257336
41.2,131.16363205607095
41.25,131.33259340940475
41.300000000000004,131.50188843369102
41.35,131.67125738163836
41.400000000000006,131.84119583932093
41.45,132.01367403359845
41.5,132.18597200211846
41.550000000000004,132.35843747665436
41.6,132.53113915644053
41.650000000000006,132.70295016835416
41.7,132.87437063074952
41.75,133.04566026298997
41.800000000000004,133.2181781475967
41.85,133.39077738607915
41.900000000000006,133.56286419157513
41.95,133.7344402611683
42.0,133.9063576827063
42.050000000000004,134.0796487667287
42.1,134.253441976368
42.150000000000006,134.42742172679817
42.2,134.6015546218763
42.25,134.77486747919733
42.300000000000004,134.94898125513436
42.35,135.12290561862318
42.400000000000006,135.2976279609623
42.45,135.47251923652223
42.5,135.6466191133194
42.550000000000004,135.8213658695266
42.6,135.99606903022305
42.650000000000006,136.17169181609077
42.7,136.34760600014533
42.75,136.5227461957944
42.800000000000004,136.69891277598398
42.85,136.87582057328945
42.900000000000006,137.0524085866842
42.95,137.22919428735113
43.0,137.40519348225777
43.050000000000004,137.5819460368443
43.1,137.75830248688115
43.150000000000006,137.93453297643686
43.2,138.1098196811378
43.25,138.2847950363153
43.300000000000004,138.46002345281374
43.35,138.63503266302806
43.400000000000006,138.81039951848754
43.45,138.9858826694768
43.5,139.16020126517185
43.550000000000004,139.33472396503862
43.6,139.50881766725772
43.650000000000006,139.68269577250797
43.7,139.85621980844698
43.75,140.029061346207
43.800000000000004,140.2021819781986
43.85,140.37428057894846
43.900000000000006,140.5462248193992
43.95,140.7173842743831
44.0,140.88897010694367
44.050000000000004,141.06042857811138
44.1,141.23091076835172
44.150000000000006,141.40146801868084
44.2,141.57234920304182
44.25,141.74321393000122
44.300000000000004,141.91435345879393
44.35,142.08432996658186
44.400000000000006,142.25456165451143
44.45,142.42400378050735
44.5,142.59268624131352
44.550000000000004,142.76176230038587
44.6,142.93042616959428
44.650000000000006,143.09831554906768
44.7,143.26683826056717
44.75,143.43554918858982
44.800000000000004,143.60434891947446
44.85,143.77270010319018
44.900000000000006,143.93962123824087
44.95,144.10659738787223
45.0,144.2723864390765
45.050000000000004,144.43826386923
45.1,144.60416406651413
45.150000000000006,144.76968113494624
45.2,144.9355619601702
45.25,145.10028608828108
45.300000000000004,145.26389678318887
45.35,145.43009254160248
45.400000000000006,145.59698606119974
45.45,145.7639822845797
45.5,145.93089260443335
45.550000000000004,146.0981318842805
45.6,146.26490520909746
45.650000000000006,146.43095362138686
45.7,146.5971812137668
45.75,146.7627467763012
45.800000000000004,146.92747893662093
45.85,147.0923576506589
45.900000000000006,147.25805575059815
45.95,147.42251302747047
46.0,147.58624885692046
46.050000000000004,147.7493035825387
46.1,147.91216938281462
46.150000000000006,148.07393658676517
46.2,148.23531581278957
46.25,148.39697034673583
46.300000000000004,148.55898732293613
46.35,148.72195752765646
46.400000000000006,148.88470599228498
46.45,149.04663173324766
46.5,149.20863172841024
46.550000000000004,149.37088981863462
46.6,149.5321610890323
46.650000000000006,149.69425510801352
46.7,149.85533037346227
46.75,150.01638846494117
46.800000000000004,150.17698886809305
46.85,150.3371987739717
46.900000000000006,150.4962489578553
46.95,150.65450186737948
47.0,150.81342590070304
47.050000000000004,150.97114451684726
47.1,151.12882428532
47.150000000000006,151.28539314249159
47.2,151.44333720952258
47.25,151.60273345257482
47.300000000000004,151.76188888706767
47.35,151.9224351401739
47.400000000000006,152.08237374922513
47.45,152.2424536193975
47.5,152.40156202333924
47.550000000000004,152.55980607248577
47.6,152.71768029828098
47.650000000000006,152.87489368206974
47.7,153.03188232921428
47.75,153.18906476060167
47.800000000000004,153.34654184071857
47.85,153.50407272202355
47.900000000000006,153.6594254090489
47.95,153.81495289775037
48.0,153.9709191075291
48.050000000000004,154.1272863149976
48.1,154.28413248555245
48.150000000000006,154.4416351772976
48.2,154.59894604093495
48.25,154.75575162952774
48.300000000000004,154.912668214319
48.35,155.0690284360778
48.400000000000006,155.2263764816242
48.45,155.38299100395724
48.5,155.53943720153998
48.550000000000004,155.69541066824493
48.6,155.85206049672445
48.650000000000006,156.00902797286275
48.7,156.16475579552105
48.75,156.3211029066195
48.800000000000004,156.47713715585445
48.85,156.63250504842006
48.900000000000006,156.7882053871762
48.95,156.94288923554
49.0,157.09691637453528
49.050000000000004,157.25094418517358
49.1,157.40480328363574
49.150000000000006,157.5565149237202
49.2,157.70757670576586
49.25,157.85809904546485
49.300000000000004,158.00754248827783
49.35,158.1568071710548
49.400000000000006,158.30650857333808
49.45,158.45639961392484
49.5,158.60694306292814
49.550000000000004,158.7566447127102
49.6,158.90649850313864
49.650000000000006,159.05746738850715
49.7,159.20874037403587
49.75,159.35983609334548
49.800000000000004,159.5116069935141
49.85,159.66171802681646
49.900000000000006,159.81135378830228
49.95,159.96110590335422
50.0,160.11023296462113
50.050000000000004,160.25869500410067
50.1,160.40917278661303
50.150000000000006,160.55801011136506
50.2,160.70846005147416
50.25,160.85913878363803
50.300000000000004,161.01045884152362
50.35,161.16027665161218
50.400000000000006,161.30923325976553
50.45,161.458344820932
50.5,161.60643961410415
50.550000000000004,161.7552706772946
50.6,161.9029227544954
50.650000000000006,162.0493373370708
50.7,162.19488700185872
50.75,162.34138687281342
50.800000000000004,162.48747059515009
50.85,162.6338106489974
50.900000000000006,162.7795207380698
50.95,162.9234763663848
51.0,163.06740458056385
51.050000000000004,163.2114599950296
51.1,163.35604863866584
51.150000000000006,163.49958088012423
51.2,163.64034161825063
51.25,163.78251602819756
51.300000000000004,163.9232799008574
51.35,164.0617797987683
51.400000000000006,164.20194582864082
51.45,164.3424999599635
51.5,164.48343641062294
51.550000000000004,164.62491156062762
51.6,164.7657808174511
51.650000000000006,164.90493744408857
51.7,165.0436123274846
51.75,165.1809259936068
51.800000000000004,165.31744551698807
51.85,165.45342865064066
51.900000000000006,165.58851122697155
51.95,165.72222345888568
52.0,165.8549777311161
52.050000000000004,165.98555207515577
52.1,166.11513799646997
52.150000000000006,166.2437790149959
52.2,166.37092832689072
52.25,166.49655197497506
52.300000000000004,166.6214253914944
52.35,166.74688019646828
52.400000000000006,166.87103598454382
52.45,166.9950158977842
52.5,167.1191088454787
52.550000000000004,167.24348149426322
52.6,167.36767450929065
52.650000000000006,167.49190150476906
52.7,167.61538475311465
52.75,167.73782047210335
52.800000000000004,167.86098481221413
52.85,167.98259140796827
52.900000000000006,168.10131414267093
52.95,168.21861267678835
53.0,168.33540722356003
53.050000000000004,168.45017397280319
53.1,168.56457571433114
53.150000000000006,168.67778311841926
53.2,168.78852932137983
53.25,168.89808620298814
53.300000000000004,169.0065526002611
53.35,169.11466088635382
53.400000000000006,169.22084087530044
53.45,169.32563897675553
53.5,169.43047430490134
53.550000000000004,169.53276687774542
53.6,169.63574754979425
53.650000000000006,169.73651293203065
53.7,169.83591214801947
53.75,169.93448966721394
53.800000000000004,170.03292291252947
53.85,170.13009371988957
53.900000000000006,170.22750745510092
53.95,170.32554984361425
54.0,170.4231971149346
54.050000000000004,170.51952522597153
54.1,170.61250239997375
54.150000000000006,170.70411722175942
54.2,170.7947208495478
54.25,170.88538749805696
54.300000000000004,170.97401135491873
54.35,171.06239515398786
54.400000000000006,171.15207135820302
54.45,171.24121813472615
54.5,171.3294061081885
54.550000000000004,171.41615108838297
54.6,171.5032746164951
54.650000000000006,171.5896672361749
54.7,171.6746988474369
54.75,171.75820916670722
54.800000000000004,171.83984922011328
54.85,171.91900264433278
54.900000000000006,171.99856534052805
54.95,172.0794076097621
55.0,172.16084164558038
55.050000000000004,172.23867938067457
55.1,172.315694575914
55.150000000000006,172.3932056573171
55.2,172.4715532286643
55.25,172.5486928711571
55.300000000000004,172.62409888083417
55.35,172.69769355700004
55.400000000000006,172.76873254280136
55.45,172.83807254426975
55.5,172.90687145591636
55.550000000000004,172.97419076477127
55.6,173.04063165318405
55.650000000000006,173.10751769202417
55.7,173.17347403417492
55.75,173.23718703035496
55.800000000000004,173.29950192267975
55.85,173.3609144360579
55.900000000000006,173.42096051575078
55.95,173.48168784799466
56.0,173.54170789880948
56.050000000000004,173.60102058561154
56.1,173.65934421286562
56.150000000000006,173.71581126683918
56.2,173.7718080845487
56.25,173.82560225248395
56.300000000000004,173.87767355828672
56.35,173.92885497447386
56.400000000000006,173.98007350158838
56.45,174.0297529343575
56.5,174.07761643073616
56.550000000000004,174.12540671361654
56.6,174.17303732058778
56.650000000000006,174.2181549223908
56.7,174.25905085536832
56.75,174.29864382531812
56.800000000000004,174.33791158575684
56.85,174.37421530025355
56.900000000000006,174.41170973932455
56.95,174.4483840909394
57.0,174.48164462611626
57.050000000000004,174.5120061296635
57.1,174.54153141800577
57.150000000000006,174.5690177481504
57.2,174.59430965738474
57.25,174.61931937195232
57.300000000000004,174.64362604670907
57.35,174.66524531228944
57.400000000000006,174.68702444092582
57.45,174.7059821231658
57.5,174.72609646892613
57.550000000000004,174.7477099483145
57.6,174.7678393793685
57.650000000000006,174.78396579848527
57.7,174.79755183495166
57.75,174.80993083405968
57.800000000000004,174.819500416036
57.85,174.83023810092322
57.900000000000006,174.8395566252504
57.95,174.84842932388833
58.0,174.85719208328746
58.050000000000004,174.86595035637473
58.1,174.87048368454447
58.150000000000006,174.876117191988
58.2,174.88260706024488
58.25,174.889936501873
58.300000000000004,174.89867949617792
58.35,174.90751319462674
58.400000000000006,174.91495991102474
58.45,174.92153345289498
58.5,174.92857411286155
58.550000000000004,174.9365071844363
58.6,174.94316382008785
58.650000000000006,174.95055007602468
58.7,174.95673659970083
58.75,174.96233628845712
58.800000000000004,174.9684424801542
58.85,174.9739550331357
58.900000000000006,174.98071023542857
58.95,174.9870704313842
59.0,174.9961030280807
59.050000000000004,175.00369141225863
59.1,175.011140750493
59.150000000000006,175.0181648607949
59.2,175.02341795210603
59.25,175.02881568498157
59.300000000000004,175.03450144053548
59.35,175.0373317259467
59.400000000000006,175.03943719606528
59.45,175.04105470482995
59.5,175.04059980491633
59.550000000000004,175.04060929276258
59.6,175.04069053812
59.650000000000006,175.0391048897374
59.7,175.03709966209615
59.75,175.03416718373998
59.800000000000004,175.03129106824133
59.85,175.02562388276704
59.900000000000006,175.01989672799894
59.95,175.01548171676967
60.0,175.00958800438528
60.050000000000004,175.0051157696388
60.1,175.00164009441323
60.150000000000006,174.99805551534863
60.2,174.9950429313953
60.25,174.98908331838356
60.300000000000004,174.98409605511588
60.35,174.9770917337542
60.400000000000006,174.9706468497504
60.45,174.9638371020523
60.5,174.95710427942555
60.550000000000004,174.95022658547515
60.6,174.94292226103312
60.650000000000006,174.933387415884
60.7,174.9235535046317
60.75,174.91252353365877
60.800000000000004,174.90117256199656
60.85,174.88863734480174
60.900000000000006,174.87142214764725
60.95,174.855606608024
61.0,174.83828621457957
61.050000000000004,174.82035798128672
61.1,174.80019984438903
61.150000000000006,174.7807363208141
61.2,174.76113849447196
61.25,174.74016877376465
61.300000000000004,174.7194817516172
61.35,174.6990592647641
61.400000000000006,174.67723923060953
61.45,174.65425656172303
61.5,174.63255024345423
61.550000000000004,174.61259582275156
61.6,174.59244302688737
61.650000000000006,174.5723859402498
61.7,174.55080087790583
61.75,174.52956914764206
61.800000000000004,174.50883186327758
61.85,174.4889444098599
61.900000000000006,174.4660702887441
61.95,174.4415799927649
62.0,174.4167088112445
62.050000000000004,174.39111448604433
62.1,174.3658993512067
62.150000000000006,174.339704971296
62.2,174.3109017542914
62.25,174.28113537947473
62.300000000000004,174.25190628576166
62.35,174.2230464486162
62.400000000000006,174.19460303302495
62.45,174.16330084453662
62.5,174.12841932261804
62.550000000000004,174.09510484880929
62.6,174.06252199298905
62.650000000000006,174.02952330421795
62.7,173.99486061464603
62.75,173.9591351598128
62.800000000000004,173.92283056419856
62.85,173.8867117368888
62.900000000000006,173.849907295894
62.95,173.8122595580484
63.0,173.7753504621357
63.050000000000004,173.7392507782839
63.1,173.7013137052135
63.150000000000006,173.66318186288117
63.2,173.6247848267943
63.25,173.58638591151214
63.300000000000004,173.54593560810457
63.35,173.50643840535338
63.400000000000006,173.46743697124865
63.45,173.42794594768876
63.5,173.38725649172832
63.550000000000004,173.34901731546407
63.6,173.3105593002055
63.650000000000006,173.27110870824666
63.7,173.23240569478116
63.75,173.19377386091003
63.800000000000004,173.15427451547762
63.85,173.11478879109853
63.900000000000006,173.0734271241753
63.95,173.02937781470243
64.0,172.98414816025732
64.05,172.93607633854285
64.10000000000001,172.88865645572878
64.15,172.839303907988
64.2,172.7890063510873
64.25,172.73972851986463
64.3,172.6869404313884
64.35000000000001,172.63603795361547
64.4,172.58396046600947
64.45,172.53059598681912
64.5,172.4784776719872
64.55,172.42635187240546
64.60000000000001,172.37366264292433
64.65,172.32135369740885
64.7,172.27154362360068
64.75,172.22256046339996
64.8,172.17451753673515
64.85000000000001,172.12493573483147
64.9,172.07773079715463
64.95,172.02913475158783
65.0,171.98094786282823
65.05,171.93100598944167
65.10000000000001,171.8831397812282
65.15,171.83515259500297
65.2,171.78560479337094
65.25,171.73733477882897
65.3,171.68818559553122
65.35000000000001,171.63932764976306
65.4,171.58969052124223
65.45,171.54072787232468
65.5,171.49215990828063
65.55,171.4412273290399
65.60000000000001,171.39096032670204
65.65,171.33970776386144
65.7,171.2876291937583
65.75,171.23429449732677
65.8,171.18195746773375
65.85000000000001,171.1281758848241
65.9,171.07408485573842
65.95,171.0186636894846
66.0,170.9616978217652
66.05,170.90196022988718
66.10000000000001,170.84111107488434
66.15,170.78151691614423
66.2,170.72108732355213
66.25,170.66133253226891
66.3,170.60144203022134
66.35000000000001,170.5412247118975
66.4,170.47982508192678
66.45,170.41977286558932
66.5,170.35979872515176
66.55,170.3007001300239
66.60000000000001,170.2415208947424
66.65,170.18271912534
66.7,170.12190936351473
66.75,170.0620905508157
66.8,170.0027307770312
66.85000000000001,169.94417233763548
66.9,169.8863303079999
66.95,169.8285173260739
67.0,169.772686574494
67.05,169.7180138025133
67.10000000000001,169.66449221565716
67.15,169.61296386407372
67.2,169.56136734488527
67.25,169.51003938732197
67.3,169.45865923304163
67.35000000000001,169.40518998356993
67.4,169.35398379586528
67.45,169.30428840994998
67.5,169.25488669245487
67.55,169.2074280353616
67.60000000000001,169.16128721120762
67.65,169.11880759747456
67.7,169.07661878227938
67.75,169.0355872172417
67.8,168.99660096757785
67.85000000000001,168.95850029474934
67.9,168.92331932981372
67.95,168.89126888815792
68.0,168.86106289421656
68.05,168.83140146011513
68.10000000000001,168.80353397615715
68.15,168.77575772732956
68.2,168.74846253202958
68.25,168.720848141933
68.3,168.69800631361673
68.35000000000001,168.67516691438925
68.4,168.65203188283283
68.45,168.6285057582218
68.5,168.60588170864656
68.55,168.581220869954
68.60000000000001,168.55738197647142
68.65,168.53399346339975
68.7,168.5107996420924
68.75,168.48867647595108
68.8,168.46736118957878
68.85000000000001,168.44630603491498
68.9,168.42650743633794
68.95,168.40899210876168
69.0,168.39268054042424
69.05,168.37611435984977
69.10000000000001,168.360482878999
69.15,168.345583742123
69.2,168.32772518176682
69.25,168.31157954977223
69.3,168.29497771954996
69.35000000000001,168.27942897590577
69.4,168.26231076038758
69.45,168.24449295529064
69.5,168.22696142481095
69.55,168.20903282272943
69.60000000000001,168.1921191857062
69.65,168.17460391661172
69.7,168.15702043879162
69.75,168.13916136165437
69.8,168.1199503387102
69.85000000000001,168.101013282286
69.9,168.08092709150333
69.95,168.059931219646
70.0,168.03858427705748
70.05,168.01827132835777
70.10000000000001,167.99882789470618
70.15,167.97774636173355
70.2,167.95820943485845
70.25,167.93601566329886
70.3,167.914124815844
70.35000000000001,167.89272985730162
70.4,167.86946958886102
70.45,167.84816383066877
70.5,167.82481432740408
70.55,167.79971527468862
70.60000000000001,167.7709056151381
70.65,167.74197693020076
70.7,167.71388451282357
70.75,167.68454062829687
70.8,167.65451061608863
70.85000000000001,167.62142417397777
70.9,167.58894682389413
70.95,167.55373244713923
71.0,167.51819013742755
71.05,167.48330779418285
71.10000000000001,167.44507795335315
71.15,167.40633358337843
71.2,167.3673639581644
71.25,167.32911374699543
71.3,167.29146196455517
71.35000000000001,167.25223019819379
71.4,167.21628858966614
71.45,167.1819068836849
71.5,167.14641496364328
71.55,167.11315629807146
71.60000000000001,167.08048897964966
71.65,167.0505737831401
71.7,167.02027520479422
71.75,166.9899019924742
71.8,166.96083906910283
71.85000000000001,166.93193362679156
71.9,166.90216865266365
71.95,166.87195847806396
72.0,166.8438594087128
72.05,166.8176128427651
72.10000000000001,166.78992650707744
72.15,166.7636984200357
72.2,166.7382484139136
72.25,166.71532136562075
72.3,166.6962186775465
72.35000000000001,166.67653043944716
72.4,166.6589859439568
72.45,166.63902210973325
72.5,166.61878791169053
72.55,166.60117242103755
72.60000000000001,166.58437464383314
72.65,166.5678282926215
72.7,166.55323972091117
72.75,166.5386771370166
72.8,166.52490414544252
72.85000000000001,166.51378811082424
72.9,166.50288901780274
72.95,166.49195473181126
73.0,166.48000409123765
73.05,166.4660283837728
73.10000000000001,166.44993492369835
73.15,166.4344330049739
73.2,166.41778738209237
73.25,166.40039878916582
73.3,166.38664068613352
73.35000000000001,166.37238373758947
73.4,166.3590740977274
73.45,166.34625099044538
73.5,166.33680176843026
73.55,166.3293367187377
73.60000000000001,166.3231238437332
73.65,166.3165197475826
73.7,166.31026279595494
73.75,166.3059517653982
73.8,166.30224047105273
73.85000000000001,166.29946029843563
73.9,166.29829279780932
73.95,166.29539301688663
74.0,166.29389381258449
74.05,166.2927476843494
74.10000000000001,166.29247514959917
74.15,166.29199441242469
74.2,166.29335212814675
74.25,166.29469220578346
74.3,166.29760686327234
74.35000000000001,166.3024322019752
74.4,166.30601106359254
74.45,166.3106273183648
74.5,166.3147495183773
74.55,166.31807182839808
74.60000000000001,166.31913778320592
74.65,166.32291008768848
74.7,166.3255189232343
74.75,166.3285434431105
74.8,166.33093059007962
74.85000000000001,166.33281797730632
74.9,166.33569979348823
74.95,166.33836737466672
75.0,166.34198483425635
75.05,166.34610116025982
75.10000000000001,166.35071943533683
75.15,166.3547294522071
75.2,166.35913454347227
75.25,166.36393416942963
75.3,166.36821123963426
75.35000000000001,166.37198869416804
75.4,166.37600990588993
75.45,166.37975596145955
75.5,166.38696151711207
75.55,166.39511149099658
75.60000000000001,166.40335500162888
75.65,166.4124326569754
75.7,166.42248387450672
75.75,166.43233078252206
75.8,166.44266495508882
75.85000000000001,166.4510367175232
75.9,166.4592498884074
75.95,166.46724115768743
76.0,166.47509524203113
76.05,166.48262811844927
76.10000000000001,166.4901998576514
76.15,166.49621208613232
76.2,166.5020870562626
76.25,166.50878442101873
76.3,166.51579908686497
76.35000000000001,166.52091362235015
76.4,166.52551439178936
76.45,166.53173686030465
76.5,166.54002282667832
76.55,166.54861778966168
76.60000000000001,166.55848735136783
76.65,166.56802778734703
76.7,166.57673120380525
76.75,166.58615283674737
76.80000000000001,166.5957802275744
76.85000000000001,166.6042939992792
76.9,166.61649485102328
76.95,166.631454558785
77.0,166.64635191161815
77.05000000000001,166.65914282216676
77.10000000000001,166.67120373408025
77.15,166.68538804819067
77.2,166.69970309451563
77.25,166.71555417803867
77.30000000000001,166.73313883490675
77.35000000000001,166.7508463321647
77.4,166.7695434187506
77.45,166.7880258479629
77.5,166.80505148371063
77.55000000000001,166.82279242844078
77.60000000000001,166.8428438713151
77.65,166.86336014266215
77.7,166.8844333646447
77.75,166.90730489181837
77.80000000000001,166.93099528960386
77.85000000000001,166.95426354352946
77.9,166.97544033084128
77.95,166.99890013862301
78.0,167.02293397009805
78.05000000000001,167.04960141240755
78.10000000000001,167.07536597923482
78.15,167.10174501700214
78.2,167.1283433062892
78.25,167.1533521282975
78.30000000000001,167.17799091772778
78.35000000000001,167.2019642757552
78.4,167.22666378678142
78.45,167.25098633554185
78.5,167.27582836185607
78.55000000000001,167.30015343856118
78.60000000000001,167.32630081126595
78.65,167.3517114199338
78.7,167.37637432508322
78.75,167.40415932395388
78.80000000000001,167.4336257965679
78.85000000000001,167.46234929111318
78.9,167.49310970595988
78.95,167.52444365255556
79.0,167.5571306800864
79.05000000000001,167.58916028863104
79.10000000000001,167.6215698915287
79.15,167.65301488519538
79.2,167.68650037025327
79.25,167.7195343933029
79.30000000000001,167.7509854213407
79.35000000000001,167.7834296027549
79.4,167.81612341068944
79.45,167.84958179806378
79.5,167.88466644984123
79.55000000000001,167.92066002932256
79.60000000000001,167.956560303765
79.65,167.99384934683926
79.7,168.03091505452772
79.75,168.06755795910908
79.80000000000001,168.10670026481708
79.85000000000001,168.14747836732997
79.9,168.18900323017044
79.95,168.2337852541373
80.0,168.2758423406691
80.05000000000001,168.3179226233573
80.10000000000001,168.3611406721004
80.15,168.40387008524723
80.2,168.4443397271548
80.25,168.48538310581864
80.30000000000001,168.5257684763364
80.35000000000001,168.5669487536527
80.4,168.60703804594442
80.45,168.64814002057145
80.5,168.68856776510094
80.55000000000001,168.72832288771815
80.60000000000001,168.76839387332873
80.65,168.8055892741356
80.7,168.84519044147862
80.75,168.88407899975303
80.80000000000001,168.92366064848852
80.85000000000001,168.96191667471425
80.9,168.99942906467535
80.95,169.03574362446443
81.0,169.07348706138427
81.05000000000001,169.111196412158
81.10000000000001,169.14642286444314
81.15,169.18076686016087
81.2,169.2153635808134
81.25,169.25051947201226
81.30000000000001,169.28588229757986
81.35000000000001,169.3215272409376
81.4,169.35755053491556
81.45,169.39330837959432
81.5,169.42719773418278
81.55000000000001,169.46297040081757
81.60000000000001,169.50141261512445
81.65,169.53899330203916
81.7,169.57813298888416
81.75,169.61409384400613
81.80000000000001,169.65019531375933
81.85000000000001,169.68770784764845
81.9,169.72528197180546
81.95,169.76527899178126
82.0,169.8075956758202
82.05000000000001,169.8497428310996
82.10000000000001,169.89460319755932
82.15,169.94024344135713
82.2,169.98639803083378
82.25,170.03253368666373
82.30000000000001,170.0800989423033
82.35000000000001,170.12774099926688
82.4,170.1759135783605
82.45,170.2250633329345
82.5,170.2763741837514
82.55000000000001,170.32828958550297
82.60000000000001,170.38127789797346
82.65,170.43399026012975
82.7,170.48561685188196
82.75,170.53827847817433
82.80000000000001,170.59027474577232
82.85000000000001,170.64341868076903
82.9,170.69757962095377
82.95,170.75318020501143
83.0,170.80776168005863
83.05000000000001,170.86271963722487
83.10000000000001,170.9183235860446
83.15,170.97592548031136
83.2,171.03089542219115
83.25,171.0863333538793
83.30000000000001,171.14217376514858
83.35000000000001,171.1969925029197
83.4,171.25039621311785
83.45,171.3044433304897
83.5,171.35741681319482
83.55000000000001,171.41051488893987
83.60000000000001,171.4644828023926
83.65,171.51881215063509
83.7,171.57273630476828
83.75,171.62738851685788
83.80000000000001,171.68259339224804
83.85000000000001,171.73890193085182
83.9,171.79569821583908
83.95,171.85125527237062
84.0,171.90603635190575
84.05000000000001,171.9607148379914
84.10000000000001,172.01690808876842
84.15,172.0725740777575
84.2,172.12956915373243
84.25,172.18580102757537
84.30000000000001,172.24225296954242
84.35000000000001,172.30064192831986
84.4,172.3583564930782
84.45,172.41595068740497
84.5,172.47357580892108
84.55000000000001,172.53000679005947
84.60000000000001,172.5862365351316
84.65,172.64301099287053
84.7,172.70168497040947
84.75,172.7589057443767
84.80000000000001,172.81670687081157
84.85000000000001,172.8754226691217
84.9,172.9332991356825
84.95,172.98956424787656
85.0,173.04693706587014
85.05000000000001,173.10483894249904
85.10000000000001,173.16288703627268
85.15,173.22098425453447
85.2,173.2787978013194
85.25,173.33712197525813
85.30000000000001,173.3972742663868
85.35000000000001,173.45563475402798
85.4,173.51530279152894
85.45,173.5744261788038
85.5,173.63376141637212
85.55000000000001,173.69429955961377
85.60000000000001,173.75412255562046
85.65,173.81430711012726
85.7,173.87490808984785
85.75,173.93554082282796
85.80000000000001,173.9987302266999
85.85000000000001,174.06066577206443
85.9,174.12173348691866
85.95,174.18299976914682
86.0,174.24372923978274
86.05000000000001,174.30546584556546
86.10000000000001,174.3688788460547
86.15,174.43322286528485
86.2,174.49923048689075
86.25,174.56577518801606
86.30000000000001,174.63246688963957
86.35000000000001,174.6991191878744
86.4,174.76466350571903
86.45,174.83042960768816
86.5,174.89685704504336
86.55000000000001,174.9653919077087
86.60000000000001,175.03418390550075
86.65,175.10452964997594
86.7,175.17634340715836
86.75,175.24676312847572
86.80000000000001,175.31736525986983
86.85000000000001,175.38722903636582
86.9,175.45704974642257
86.95,175.5280664583969
87.0,175.59642429485433
87.05000000000001,175.66602878591203
87.10000000000001,175.73499724701722
87.15,175.80318765445907
87.2,175.87224714573722
87.25,175.94163032172875
87.30000000000001,176.0107682826498
87.35000000000001,176.08008944094132
87.4,176.1515204138178
87.45,176.22239088387474
87.5,176.29507481669364
87.55000000000001,176.3686047717703
87.60000000000001,176.44408137014148
87.65,176.51906167718795
87.7,176.5948811524328
87.75,176.67293845630124
87.80000000000001,176.75090603756695
87.85000000000001,176.82830033103278
87.9,176.90594397361764
87.95,176.98296771410065
88.0,177.05739266328357
88.05000000000001,177.12983791901763
88.10000000000001,177.2039301514484
88.15,177.27762523953632
88.2,177.35105150291605
88.25,177.42331671929688
88.30000000000001,177.49535128151763
88.35000000000001,177.56778891623156
88.4,177.63882927126934
88.45,177.71061026558013
88.5,177.78325289146917
88.55000000000001,177.8557525639124
88.60000000000001,177.92943336050027
88.65,178.00099622375117
88.7,178.07054598518113
88.75,178.13981912071336
88.80000000000001,178.20940567094715
88.85000000000001,178.27996645152925
88.9,178.35172551784868
88.95,178.42360793160861
89.0,178.49531761111365
89.05000000000001,178.56670421246307
89.10000000000001,178.6367344944628
89.15,178.70810960013443
89.2,178.77832665511696
89.25,178.8463315229257
89.30000000000001,178.91377127529032
89.35000000000001,178.9819185186407
89.4,179.0503007925938
89.45,179.11841319046343
89.5,179.18874171230587
89.55000000000001,179.2584928836643
89.60000000000001,179.32823738875948
89.65,179.39750875955593
89.7,179.46745648290863
89.75,179.53798428949236
89.80000000000001,179.60777296218097
89.85000000000001,179.67696648983718
89.9,179.74551797860164
89.95,179.81479861821052
90.0,179.88496108180385
90.05000000000001,179.95533552003616
90.10000000000001,180.02663383533073
90.15,180.09834777803493
90.2,180.17209506008678
90.25,180.2445578956679
90.30000000000001,180.31644369498468
90.35000000000001,180.38965305266993
90.4,180.46215211888017
90.45,180.5346420629174
90.5,180.60727115765275
90.55000000000001,180.67876118637847
90.60000000000001,180.75206916658172
90.65,180.82680725455802
90.7,180.90318764215914
90.75,180.97822156330872
90.80000000000001,181.05584663523396
90.85000000000001,181.13355658273747
90.9,181.2114668585311
90.95,181.29170284718822
91.0,181.37145197739102
91.05000000000001,181.44931835469546
91.10000000000001,181.5274348517693
91.15,181.6062330266087
91.2,181.68519831915776
91.25,181.76554391331382
91.30000000000001,181.84423176600208
91.35000000000001,181.92227493359647
91.4,181.99853274911055
91.45,182.0767583193913
91.5,182.1564234206809
91.55000000000001,182.23742122808204
91.60000000000001,182.31932722860944
91.65,182.4013164269606
91.7,182.48156660878584
91.75,182.56368191262555
91.80000000000001,182.6471954539743
91.85000000000001,182.72959396512258
91.9,182.8135370093561
91.95,182.89807246377708
92.0,182.98343685510238
92.05000000000001,183.07384835668842
92.10000000000001,183.16523261094375
92.15,183.25788191251826
92.2,183.3527348643194
92.25,183.44785599991081
92.30000000000001,183.5437260265425
92.35000000000001,183.63962833686782
92.4,183.73574569642642
92.45,183.8338337141642
92.5,183.93017701808884
92.55000000000001,184.02763851207263
92.60000000000001,184.12613601076447
92.65,184.22548306565346
92.7,184.32565760880016
92.75,184.4270826270832
92.80000000000001,184.52996253600028
92.85000000000001,184.63250350789215
92.9,184.7353814550986
92.95,184.83792883666794
93.0,184.94291200356935
93.05000000000001,185.04810610453825
93.10000000000001,185.15317862512666
93.15,185.25904866526568
93.2,185.36495781120576
93.25,185.47094515207914
93.30000000000001,185.57905821660063
93.35000000000001,185.68969139666936
93.4,185.80123099335032
93.45,185.90955466502973
93.5,186.01601097700495
93.55000000000001,186.12119523152745
93.60000000000001,186.22691566933995
93.65,186.3310676519836
93.7,186.43853251480473
93.75,186.5431702318232
93.80000000000001,186.6472096964949
93.85000000000001,186.75028097735702
93.9,186.8515665753435
93.95,186.95443995670078
94.0,187.05461735257117
94.05000000000001,187.1551156735554
94.10000000000001,187.25497100548262
94.15,187.35427963389282
94.2,187.4507479911617
94.25,187.54950190410003
94.30000000000001,187.64624718634707
94.35000000000001,187.74546118175027
94.4,187.84496143727995
94.45,187.94368113661818
94.5,188.04021702708303
94.55000000000001,188.13916083833072
94.60000000000001,188.23930861641776
94.65,188.34174203258846
94.7,188.4453617327217
94.75,188.55110324807
94.80000000000001,188.65846604848946
94.85000000000001,188.76643485357522
94.9,188.8722494977077
94.95,188.97945803868862
95.0,189.08685891220858
95.05000000000001,189.19584132913883
95.10000000000001,189.30753278174726
95.15,189.41878298703097
95.2,189.53097303828858
95.25,189.6436671376743
95.30000000000001,189.7599551550639
95.35000000000001,189.87746950426816
95.4,189.9950572471551
95.45,190.11251283602456
95.5,190.2278411674575
95.55000000000001,190.34467792290127
95.60000000000001,190.46257707186246
95.65,190.58081203653555
95.7,190.69981575990982
95.75,190.81832147548883
95.80000000000001,190.93789175454464
95.85000000000001,191.0598936167834
95.9,191.18295573577942
95.95,191.3070096226431
96.0,191.4322069954088
96.05000000000001,191.55631450604983
96.10000000000001,191.68121190007759
96.15,191.80609972515433
96.2,191.93436834600095
96.25,192.0645196848867
96.30000000000001,192.19306230960325
96.35000000000001,192.3193584233072
96.4,192.4459485528642
96.45,192.57306623003316
96.5,192.6993270895871
96.55000000000001,192.82586854604884
96.60000000000001,192.95044589101738
96.65,193.07825595223767
96.7,193.20670391457452
96.75,193.3351921023446
96.80000000000001,193.4627709050151
96.85000000000001,193.58924429282607
96.9,193.71548770632288
96.95,193.84058247474937
97.0,193.96466513387952
97.05000000000001,194.08878454030582
97.10000000000001,194.2122793727158
97.15,194.3345977448563
97.2,194.45583814298445
97.25,194.57794116108317
97.30000000000001,194.69885033890597
97.35000000000001,194.81998591157844
97.4,194.93957524477983
97.45,195.0579729263011
97.5,195.17725913986627
97.55000000000001,195.2937651528225
97.60000000000001,195.40997759955619
97.65,195.52554345539295
97.7,195.64045405330714
97.75,195.75434256314225
97.80000000000001,195.86618242394718
97.85000000000001,195.97782059679957
97.9,196.08679153004053
97.95,196.19495102926683
98.0,196.30261661915284
98.05000000000001,196.41260374466455
98.10000000000001,196.52370786610993
98.15,196.63550991371397
98.2,196.7455589412297
98.25,196.85782944820298
98.30000000000001,196.97167924782119
98.35000000000001,197.08564003329394
98.4,197.20101427445434
98.45,197.316374061624
98.5,197.43217910120646
98.55000000000001,197.54944090530915
98.60000000000001,197.67028347892932
98.65,197.79409298663933
98.7,197.91766771166138
98.75,198.04369723945368
98.80000000000001,198.16961354768623
98.85000000000001,198.29633790593917
98.9,198.4256117972392
98.95,198.55694880573606
99.0,198.6876944361026
99.05000000000001,198.81911297353355
99.10000000000001,198.95039456458437
99.15,199.08277413563857
99.2,199.21455048441462
99.25,199.34581978455608
99.30000000000001,199.48027289497028
99.35000000000001,199.61391355469684
99.4,199.7520338673359
99.45,199.89054511929962
99.5,200.02889650554664
99.55000000000001,200.16784158885284
99.60000000000001,200.30723515649024
99.65,200.44964809894293
99.7,200.5945093430903
99.75,200.74205311670553
99.80000000000001,200.89143088201985
99.85000000000001,201.04162762592708
99.9,201.195270732583
99.95,201.34830080607017
100.0,201.49879736102903
