tau,TAMSD_with_walls
0.05,0.012242620162502632
0.1,0.028210982687835534
0.15000000000000002,0.048250656670960526
0.2,0.07209769824244397
0.25,0.09976794116171789
0.30000000000000004,0.13141017785311396
0.35000000000000003,0.16637237551907302
0.4,0.20503614625632294
0.45,0.24692567347222585
0.5,0.2921368877366999
0.55,0.34036746328758966
0.6000000000000001,0.39190612465221775
0.65,0.4461674112554858
0.7000000000000001,0.5035976728298547
0.75,0.5635922084932146
0.8,0.6265249833496632
0.8500000000000001,0.6916151291556186
0.9,0.7593170598921344
0.9500000000000001,0.8296332632633266
1.0,0.9024089500247802
1.05,0.977546723145409
1.1,1.0546672589966388
1.1500000000000001,1.1338295181585496
1.2000000000000002,1.2154814018945022
1.25,1.2990073915069063
1.3,1.3844956862680042
1.35,1.4715288969188762
1.4000000000000001,1.560085808338457
1.4500000000000002,1.650102974135557
1.5,1.7418438817429918
1.55,1.8353473130417575
1.6,1.9300904683594453
1.6500000000000001,2.026235648341889
1.7000000000000002,2.123957517882849
1.75,2.22302342270108
1.8,2.323670197971153
1.85,2.425654439376799
1.9000000000000001,2.5289190605363325
1.9500000000000002,2.6333925876048303
2.0,2.7392670799926346
2.0500000000000003,2.8462658493885846
2.1,2.9542789243750858
2.15,3.0633463560089225
2.2,3.173641174910029
2.25,3.2851377868038156
2.3000000000000003,3.3974649810594473
2.35,3.510776041605875
2.4000000000000004,3.6250683701387767
2.45,3.7407776316175716
2.5,3.8577431621578717
2.5500000000000003,3.975828814157127
2.6,4.095013679323371
2.6500000000000004,4.214873419122215
2.7,4.336021995146015
2.75,4.458154143394133
2.8000000000000003,4.58114128930475
2.85,4.704738965309329
2.9000000000000004,4.829063247880109
2.95,4.954268350340866
3.0,5.080026809635906
3.0500000000000003,5.206096079726933
3.1,5.333067729910181
3.1500000000000004,5.460494277228235
3.2,5.588400813801193
3.25,5.717013420659556
3.3000000000000003,5.846205474576288
3.35,5.976306173461529
3.4000000000000004,6.1066069116060575
3.45,6.237016774134497
3.5,6.3677567415406235
3.5500000000000003,6.498796709269196
3.6,6.630803408482427
3.6500000000000004,6.763186654481402
3.7,6.895844365674423
3.75,7.029346723177699
3.8000000000000003,7.163023836509882
3.85,7.296889007251171
3.9000000000000004,7.4306898026735615
3.95,7.5648683297417785
4.0,7.699345190877863
4.05,7.834250908832213
4.1000000000000005,7.96890370385321
4.15,8.10395042536902
4.2,8.238669381477584
4.25,8.373088272938086
4.3,8.507778594126544
4.3500000000000005,8.642215953527696
4.4,8.776934109201708
4.45,8.911985660426861
4.5,9.047145618777384
4.55,9.181987337132584
4.6000000000000005,9.317299019271408
4.65,9.452898479688594
4.7,9.588595721850297
4.75,9.724191834242255
4.800000000000001,9.86000724070425
4.8500000000000005,9.995917049518559
4.9,10.131911429627225
4.95,10.268122406420213
5.0,10.404133074279608
5.050000000000001,10.539418802762007
5.1000000000000005,10.674521520457985
5.15,10.809308904362535
5.2,10.943837315453354
5.25,11.078517047691644
5.300000000000001,11.213160518260537
5.3500000000000005,11.347806026547339
5.4,11.481881661450487
5.45,11.615669026986074
5.5,11.749463114855496
5.550000000000001,11.882917540128165
5.6000000000000005,12.01597460514788
5.65,12.148806396457474
5.7,12.281468594723673
5.75,12.41374315469409
5.800000000000001,12.545365698922028
5.8500000000000005,12.67629037482862
5.9,12.80725618516254
5.95,12.938155881221148
6.0,13.068471231575707
6.050000000000001,13.198066164974183
6.1000000000000005,13.326637910150394
6.15,13.454666441980555
6.2,13.582033290784642
6.25,13.708489705789116
6.300000000000001,13.83493385162661
6.3500000000000005,13.961125416490873
6.4,14.086711384016477
6.45,14.211534686309015
6.5,14.335589145308665
6.550000000000001,14.459177103949742
6.6000000000000005,14.5817595028299
6.65,14.703690996923953
6.7,14.824716221449775
6.75,14.945292933675535
6.800000000000001,15.064593421022384
6.8500000000000005,15.183259792801273
6.9,15.301136873224793
6.95,15.418558903387929
7.0,15.535762297961078
7.050000000000001,15.652343084045341
7.1000000000000005,15.768628730041637
7.15,15.88407249972866
7.2,15.999378246483392
7.25,16.11407469340278
7.300000000000001,16.228411933337846
7.3500000000000005,16.342680557615566
7.4,16.457395471340185
7.45,16.57178740001488
7.5,16.685953167385275
7.550000000000001,16.799638875114454
7.6000000000000005,16.91306249968134
7.65,17.026966659176907
7.7,17.14063184029629
7.75,17.253840311420078
7.800000000000001,17.366686438955732
7.8500000000000005,17.4791932642159
7.9,17.591515836471185
7.95,17.703368954531797
8.0,17.814606380965675
8.05,17.92548930796168
8.1,18.036245817410368
8.15,18.14680119726839
8.200000000000001,18.256655975628078
8.25,18.365721324287534
8.3,18.474222484476254
8.35,18.582395441611457
8.4,18.69012781617299
8.450000000000001,18.79758269464126
8.5,18.904505904616542
8.55,19.01074599396791
8.6,19.116203667996828
8.65,19.221635777749892
8.700000000000001,19.326988314477358
8.75,19.432091795726286
8.8,19.536806624672057
8.85,19.640377897012584
8.9,19.742919598767674
8.950000000000001,19.844603855428176
9.0,19.945735940653787
9.05,20.046431305434776
9.1,20.145909659589734
9.15,20.244325178530993
9.200000000000001,20.34205628473875
9.25,20.43932219398583
9.3,20.535885259430053
9.35,20.63198876406398
9.4,20.72720383757048
9.450000000000001,20.821769092445713
9.5,20.915105148747713
9.55,21.00773986615823
9.600000000000001,21.09953606114799
9.65,21.19072049331839
9.700000000000001,21.280800414971285
9.75,21.369861923466598
9.8,21.458386357757632
9.850000000000001,21.546098702161444
9.9,21.63296479344166
9.950000000000001,21.718816295054207
10.0,21.803884835804546
10.05,21.888282647610836
10.100000000000001,21.97207005200811
10.15,22.05535959845453
10.200000000000001,22.13739794079535
10.25,22.217884093986278
10.3,22.297846961099648
10.350000000000001,22.376803243318907
10.4,22.454637494245326
10.450000000000001,22.53128874861506
10.5,22.607189046422082
10.55,22.682679627595867
10.600000000000001,22.75697672698929
10.65,22.830639474049768
10.700000000000001,22.903304045922685
10.75,22.97507179781546
10.8,23.045875596093833
10.850000000000001,23.115471218926128
10.9,23.184706402359808
10.950000000000001,23.25309794933269
11.0,23.320193379614736
11.05,23.386996782537572
11.100000000000001,23.45309293707342
11.15,23.518233099307917
11.200000000000001,23.582467754979078
11.25,23.646100950809153
11.3,23.708599030594456
11.350000000000001,23.770445369386895
11.4,23.831238343562212
11.450000000000001,23.890777701512175
11.5,23.94901597739944
11.55,24.006687940872894
11.600000000000001,24.063745720056847
11.65,24.11942434130457
11.700000000000001,24.174305585353505
11.75,24.22801326854924
11.8,24.281206258729934
11.850000000000001,24.333092501746
11.9,24.384427471929975
11.950000000000001,24.43503496152197
12.0,24.48496723970944
12.05,24.534295476504532
12.100000000000001,24.583502205056636
12.15,24.632598389220867
12.200000000000001,24.68076865467036
12.25,24.728572404681252
12.3,24.776104512688548
12.350000000000001,24.82313084372256
12.4,24.869735519456164
12.450000000000001,24.91569038507838
12.5,24.96075528172319
12.55,25.006147703465327
12.600000000000001,25.050792774176227
12.65,25.094572040957107
12.700000000000001,25.138371402708366
12.75,25.181837364308223
12.8,25.224220266130203
12.850000000000001,25.26637683558741
12.9,25.307566603785297
12.950000000000001,25.34833970837176
13.0,25.387973101763993
13.05,25.42707027478604
13.100000000000001,25.465998881469464
13.15,25.504566760944375
13.200000000000001,25.54280271166836
13.25,25.58112065175454
13.3,25.619583808638197
13.350000000000001,25.657466756962297
13.4,25.69441580723557
13.450000000000001,25.730546631816207
13.5,25.76630829075367
13.55,25.802315071855272
13.600000000000001,25.837914138713188
13.65,25.873689525676166
13.700000000000001,25.9088404756644
13.75,25.943510222731692
13.8,25.978057507105696
13.850000000000001,26.01257387386184
13.9,26.046652503485063
13.950000000000001,26.080994201598674
14.0,26.11467358413414
14.05,26.148173206993544
14.100000000000001,26.181896275069423
14.15,26.215089980068736
14.200000000000001,26.248208741603847
14.25,26.2809899832234
14.3,26.313749034576215
14.350000000000001,26.346177567395603
14.4,26.377815607266292
14.450000000000001,26.409299317757792
14.5,26.43990166497031
14.55,26.47040620073282
14.600000000000001,26.500321173801506
14.65,26.529908493922235
14.700000000000001,26.55919245233402
14.75,26.588399710436
14.8,26.61740155016143
14.850000000000001,26.646078737698748
14.9,26.67435964833707
14.950000000000001,26.702057974108676
15.0,26.729271826958552
15.05,26.756574044965237
15.100000000000001,26.783270738241825
15.15,26.80986400199542
15.200000000000001,26.836110818763622
15.25,26.86244154548761
15.3,26.888311621384585
15.350000000000001,26.913086883427965
15.4,26.937460450981142
15.450000000000001,26.961655381466297
15.5,26.98530862579075
15.55,27.00878933473319
15.600000000000001,27.032204701490475
15.65,27.054786881303233
15.700000000000001,27.076979919742474
15.75,27.09857925828994
15.8,27.118898260053495
15.850000000000001,27.138735671169876
15.9,27.15775341670367
15.950000000000001,27.17587409326094
16.0,27.193471820122483
16.05,27.21014374171166
16.1,27.226441496307284
16.150000000000002,27.242378044091495
16.2,27.257773756266626
16.25,27.271990559674194
16.3,27.286139938185
16.35,27.299440612242456
16.400000000000002,27.312380679078682
16.45,27.32569272673258
16.5,27.338682458171895
16.55,27.351342756260706
16.6,27.36360606417557
16.650000000000002,27.37564722972042
16.7,27.38694718752242
16.75,27.397193511807345
16.8,27.40685081615122
16.85,27.41629105088576
16.900000000000002,27.424929019331945
16.95,27.43271615610729
17.0,27.43960337762518
17.05,27.446490467955716
17.1,27.45265837073141
17.150000000000002,27.458241562731143
17.2,27.462762157142222
17.25,27.467126796198926
17.3,27.47092799080114
17.35,27.474404062438335
17.400000000000002,27.47745764038758
17.45,27.480290197936814
17.5,27.482599368938093
17.55,27.484983524197798
17.6,27.486793862805293
17.650000000000002,27.48859775409036
17.7,27.490672264010975
17.75,27.49193530117051
17.8,27.492859446984866
17.85,27.493712852823183
17.900000000000002,27.495013793168912
17.95,27.49657853450329
18.0,27.497751848932506
18.05,27.49877635530222
18.1,27.499579064629817
18.150000000000002,27.500421301421117
18.2,27.50132307681303
18.25,27.502204290082467
18.3,27.502697993309678
18.35,27.503167899950938
18.400000000000002,27.50375135473255
18.45,27.504378884376298
18.5,27.505012833000315
18.55,27.50623301372873
18.6,27.507874103498434
18.650000000000002,27.509903669718373
18.7,27.51152583355737
18.75,27.514063656056138
18.8,27.516673476315614
18.85,27.519465431675243
18.900000000000002,27.522329882123593
18.95,27.525671454113382
19.0,27.529583647821475
19.05,27.533680683659547
19.1,27.538235959411722
19.150000000000002,27.543158807096777
19.200000000000003,27.54805521055494
19.25,27.55342912866286
19.3,27.55868240071292
19.35,27.564703224047175
19.400000000000002,27.570964027886447
19.450000000000003,27.577274004659163
19.5,27.584581240251293
19.55,27.591901010410133
19.6,27.5998956031943
19.650000000000002,27.608692947814934
19.700000000000003,27.618164137583985
19.75,27.62756457081237
19.8,27.636931274348967
19.85,27.646304986995883
19.900000000000002,27.655996789262364
19.950000000000003,27.666013734707303
20.0,27.67595346387775
20.05,27.685459920017962
20.1,27.694990303488343
20.150000000000002,27.70432056103637
20.200000000000003,27.713306638333773
20.25,27.7219636818337
20.3,27.730345058091295
20.35,27.739241766062054
20.400000000000002,27.748188771140704
20.450000000000003,27.757389836235877
20.5,27.766154343893586
20.55,27.77523581120953
20.6,27.784139040847723
20.650000000000002,27.792669923110495
20.700000000000003,27.80069997478008
20.75,27.808572945894714
20.8,27.816250454630108
20.85,27.823929072614316
20.900000000000002,27.831994898197404
20.950000000000003,27.840248686111728
21.0,27.848736535509286
21.05,27.856665461624544
21.1,27.864617216260022
21.150000000000002,27.872076936729542
21.200000000000003,27.879218023684416
21.25,27.88588449298879
21.3,27.891842463424894
21.35,27.897855167636216
21.400000000000002,27.903233024895616
21.450000000000003,27.907695962674538
21.5,27.912369827607517
21.55,27.916802352475486
21.6,27.92098205131277
21.650000000000002,27.92440403852805
21.700000000000003,27.927377511948084
21.75,27.92984413882211
21.8,27.93181201976021
21.85,27.933811465965945
21.900000000000002,27.93568397175347
21.950000000000003,27.937167225747523
22.0,27.938285349220795
22.05,27.939107013966385
22.1,27.939815283814028
22.150000000000002,27.940440660437158
22.200000000000003,27.94020093755228
22.25,27.93932006239471
22.3,27.938184543178934
22.35,27.936941051784206
22.400000000000002,27.93526143569939
22.450000000000003,27.93338423785302
22.5,27.931459672436198
22.55,27.929608972787094
22.6,27.92772747673994
22.650000000000002,27.92509428742361
22.700000000000003,27.92192001393917
22.75,27.91872528871099
22.8,27.914968980963508
22.85,27.910585528758695
22.900000000000002,27.9055564032724
22.950000000000003,27.899812391559603
23.0,27.893922735025033
23.05,27.887165519758693
23.1,27.87983554974485
23.150000000000002,27.871553372873095
23.200000000000003,27.86269000025844
23.25,27.852714061265957
23.3,27.842543442787008
23.35,27.832108250051775
23.400000000000002,27.821329920945285
23.450000000000003,27.80952129321783
23.5,27.797132977127834
23.55,27.784054670726128
23.6,27.770077574712204
23.650000000000002,27.75563455677762
23.700000000000003,27.740650198537566
23.75,27.725176300418845
23.8,27.708942973168735
23.85,27.692214908022155
23.900000000000002,27.674391651751844
23.950000000000003,27.65555463157642
24.0,27.636119703115945
24.05,27.61619400330456
24.1,27.596103100709435
24.150000000000002,27.575391656280484
24.200000000000003,27.554258051825617
24.25,27.53255685553046
24.3,27.510649043263857
24.35,27.487780393890855
24.400000000000002,27.464021104814403
24.450000000000003,27.43995031222834
24.5,27.415342261769855
24.55,27.389225670922613
24.6,27.36254909456894
24.650000000000002,27.335273625728682
24.700000000000003,27.308092277435858
24.75,27.28022813898578
24.8,27.251814715688017
24.85,27.222609038355934
24.900000000000002,27.192719620434627
24.950000000000003,27.162145766299
25.0,27.130857974850166
25.05,27.098754901309817
25.1,27.06587766455007
25.150000000000002,27.032322423052292
25.200000000000003,26.99818309643811
25.25,26.96343888899208
25.3,26.92798881189149
25.35,26.892354799820367
25.400000000000002,26.856329722877312
25.450000000000003,26.819659274187355
25.5,26.782829223085546
25.55,26.74536014209098
25.6,26.70774597601398
25.650000000000002,26.669672598845146
25.700000000000003,26.631075400475048
25.75,26.592771261916134
25.8,26.554602253502136
25.85,26.516349503522026
25.900000000000002,26.47724868062555
25.950000000000003,26.43793773191049
26.0,26.39830011167075
26.05,26.358584955687256
26.1,26.31854485069448
26.150000000000002,26.27854713682922
26.200000000000003,26.238170658807174
26.25,26.19781018830308
26.3,26.15709409030004
26.35,26.11600790669595
26.400000000000002,26.07517614087817
26.450000000000003,26.034132226501196
26.5,25.993022269341985
26.55,25.951799965777468
26.6,25.91037446132001
26.650000000000002,25.868957560321373
26.700000000000003,25.82737369889362
26.75,25.785465900580935
26.8,25.743032800252905
26.85,25.700079294841057
26.900000000000002,25.657463225641578
26.950000000000003,25.614096109872197
27.0,25.570259666670268
27.05,25.525987021657933
27.1,25.48165430670458
27.150000000000002,25.437342784317703
27.200000000000003,25.39307538229871
27.25,25.348162710634867
27.3,25.303188444837417
27.35,25.258131643719288
27.400000000000002,25.213026114040602
27.450000000000003,25.167133788114928
27.5,25.121338210095402
27.55,25.0757701007129
27.6,25.03023679455383
27.650000000000002,24.98454684250181
27.700000000000003,24.938188587910197
27.75,24.892261296137583
27.8,24.846626400568596
27.85,24.801285795954524
27.900000000000002,24.7558214256851
27.950000000000003,24.710566979470364
28.0,24.665218603407087
28.05,24.6203484661733
28.1,24.576015650445772
28.150000000000002,24.53234852216958
28.200000000000003,24.489352730921237
28.25,24.447299728835663
28.3,24.406074755632567
28.35,24.365154781994573
28.400000000000002,24.32509099580636
28.450000000000003,24.28546270589787
28.5,24.246649457349776
28.55,24.208094482520227
28.6,24.17001566223833
28.650000000000002,24.133148691691957
28.700000000000003,24.09647699948848
28.75,24.060599715039515
28.8,24.025069271466975
28.85,23.989377231490476
28.900000000000002,23.953691703645024
28.950000000000003,23.917931035020807
29.0,23.88232079399774
29.05,23.847137671658793
29.1,23.8119891956258
29.150000000000002,23.77719653984813
29.200000000000003,23.743255515456603
29.25,23.71012653484965
29.3,23.677239134444857
29.35,23.64438193158504
29.400000000000002,23.611771015563576
29.450000000000003,23.5794289968092
29.5,23.547488494229107
29.55,23.515761209490176
29.6,23.484639988166066
29.650000000000002,23.45375469093605
29.700000000000003,23.42314540997742
29.75,23.393320864010196
29.8,23.36407544197964
29.85,23.334785758995903
29.900000000000002,23.305763042628026
29.950000000000003,23.277125984576845
30.0,23.24904048606298
30.05,23.221410948990826
30.1,23.194175154288644
30.150000000000002,23.167416208808493
30.200000000000003,23.141322649645364
30.25,23.115325151753225
30.3,23.089642104327524
30.35,23.06409138375936
30.400000000000002,23.038944637721567
30.450000000000003,23.013710938746453
30.5,22.988813017223787
30.55,22.964018329988242
30.6,22.940166221455907
30.650000000000002,22.91688055506351
30.700000000000003,22.893709246791786
30.75,22.870269340245006
30.8,22.84679695974672
30.85,22.82326697158618
30.900000000000002,22.799821428858614
30.950000000000003,22.776669086610312
31.0,22.75406244177812
31.05,22.732194473769766
31.1,22.7106133592814
31.150000000000002,22.68994488804482
31.200000000000003,22.66899431979744
31.25,22.64764940259774
31.3,22.626673324006322
31.35,22.605261815701056
31.400000000000002,22.584164054418693
31.450000000000003,22.563511367058183
31.5,22.543343249866748
31.55,22.523479591551016
31.6,22.503960165210966
31.650000000000002,22.48462755571734
31.700000000000003,22.466068101305233
31.75,22.448299285729103
31.8,22.430832571172456
31.85,22.414268197841878
31.900000000000002,22.397815057779876
31.950000000000003,22.382104369097487
32.0,22.367572811877803
32.050000000000004,22.354045621983804
32.1,22.34128967223619
32.15,22.329533624249105
32.2,22.31867508976932
32.25,22.309184467931516
32.300000000000004,22.30034392480596
32.35,22.29233508249283
32.4,22.285518143594416
32.45,22.279870473219706
32.5,22.2749954909161
32.550000000000004,22.27146576714887
32.6,22.268569710998626
32.65,22.26666268124958
32.7,22.265965531220296
32.75,22.266444597034894
32.800000000000004,22.26804084550619
32.85,22.271172696129067
32.9,22.275402992553865
32.95,22.280505689639988
33.0,22.287215264344432
33.050000000000004,22.295367605246987
33.1,22.305061860050134
33.15,22.3152369355273
33.2,22.326219874225743
33.25,22.338367947744654
33.300000000000004,22.351631303798243
33.35,22.36583931575923
33.4,22.38078984018071
33.45,22.39700976480347
33.5,22.413904465952022
33.550000000000004,22.431540250985705
33.6,22.450473277958526
33.65,22.470509381148155
33.7,22.491725234756498
33.75,22.51385915386588
33.800000000000004,22.53686244820496
33.85,22.560560665387623
33.9,22.584765039029712
33.95,22.609433902559392
34.0,22.635028886141352
34.050000000000004,22.661165891261415
34.1,22.687753996084773
34.15,22.715016650310222
34.2,22.74286052021091
34.25,22.771600539452713
34.300000000000004,22.800289282227126
34.35,22.829343064494953
34.4,22.859086793020385
34.45,22.88977075837531
34.5,22.920874802126825
34.550000000000004,22.952672224794693
34.6,22.985177116291503
34.65,23.018121378350386
34.7,23.05140579817676
34.75,23.08506571307447
34.800000000000004,23.11896785397333
34.85,23.15323358939279
34.9,23.1876088551659
34.95,23.222322913113747
35.0,23.256758389107773
35.050000000000004,23.291517251762617
35.1,23.326682441741905
35.15,23.362134228531918
35.2,23.397539054748705
35.25,23.43333556763597
35.300000000000004,23.46931873020525
35.35,23.505224635456816
35.4,23.54177947387489
35.45,23.57870508731962
35.5,23.615595046440195
35.550000000000004,23.65325748240232
35.6,23.691196979921266
35.65,23.72937132177849
35.7,23.7676930532327
35.75,23.806153568411876
35.800000000000004,23.844908612882243
35.85,23.883710699499773
35.9,23.923392624409626
35.95,23.96352227590995
36.0,24.00394446844139
36.050000000000004,24.044813679341416
36.1,24.08624377216053
36.15,24.12844712380879
36.2,24.17103765547897
36.25,24.21382135416155
36.300000000000004,24.256585812270306
36.35,24.299206736059368
36.4,24.342353929890873
36.45,24.38558437873444
36.5,24.42894949120865
36.550000000000004,24.472758619242715
36.6,24.517148017119567
36.65,24.561862220370646
36.7,24.607225501671095
36.75,24.652543077546028
36.800000000000004,24.6982995251858
36.85,24.74456136996017
36.9,24.791516474480876
36.95,24.83865596902833
37.0,24.88582266008528
37.050000000000004,24.93328611448328
37.1,24.980567553378418
37.15,25.028169489289144
37.2,25.075834213546326
37.25,25.124115515370658
37.300000000000004,25.172559796693655
37.35,25.221761588447205
37.4,25.271476176272866
37.45,25.32121620831321
37.5,25.37144154832386
37.550000000000004,25.422079951291284
37.6,25.47311081323964
37.65,25.524779348539486
37.7,25.576297794325637
37.75,25.627660850849022
37.800000000000004,25.67971642915673
37.85,25.732332699537096
37.9,25.78581833442512
37.95,25.839376498380904
38.0,25.89314501998902
38.050000000000004,25.947420125791076
38.1,26.002861014635037
38.15,26.05834820805401
38.2,26.114559113231827
38.25,26.17117550740401
38.300000000000004,26.228417454605108
38.35,26.285654649365476
38.400000000000006,26.34310265676649
38.45,26.400751662049306
38.5,26.458822018166607
38.550000000000004,26.51673638718107
38.6,26.57465568436527
38.650000000000006,26.63267932374154
38.7,26.69046935970908
38.75,26.74865719116933
38.800000000000004,26.807256383806234
38.85,26.86572955504868
38.900000000000006,26.92426248691507
38.95,26.983286335980388
39.0,27.042720482136406
39.050000000000004,27.102361466074754
39.1,27.162166114006432
39.150000000000006,27.221940841353494
39.2,27.281537040627413
39.25,27.340988941704083
39.300000000000004,27.400498560552254
39.35,27.46000292678756
39.400000000000006,27.519556346060046
39.45,27.579024071049723
39.5,27.638292230123245
39.550000000000004,27.69772771289389
39.6,27.75665281213732
39.650000000000006,27.815280802358956
39.7,27.874533110783126
39.75,27.933729266405
39.800000000000004,27.99311323521743
39.85,28.052778488897893
39.900000000000006,28.112084096704653
39.95,28.171152011095874
40.0,28.22994189819209
40.050000000000004,28.28801640216604
40.1,28.345625501084314
40.150000000000006,28.403552485421574
40.2,28.461375422424315
40.25,28.519146044308926
40.300000000000004,28.576233281079304
40.35,28.633272837520018
40.400000000000006,28.690448024280194
40.45,28.747132361649445
40.5,28.803456352556353
40.550000000000004,28.85988498388337
40.6,28.91583240456518
40.650000000000006,28.97150626425413
40.7,29.026993304056777
40.75,29.082530447529308
40.800000000000004,29.137797965692254
40.85,29.192724285705836
40.900000000000006,29.247056257797524
40.95,29.301148664585096
41.0,29.354653938349017
41.050000000000004,29.407607999102456
41.1,29.45998771741312
41.150000000000006,29.512236567756982
41.2,29.56417041752448
41.25,29.615970215728915
41.300000000000004,29.66704546388719
41.35,29.71727147249636
41.400000000000006,29.766848430258246
41.45,29.816499795073117
41.5,29.866067680859253
41.550000000000004,29.914970000111445
41.6,29.96317230624257
41.650000000000006,30.01072649665757
41.7,30.05740692069
41.75,30.103515895284815
41.800000000000004,30.148522294828382
41.85,30.1928864977732
41.900000000000006,30.236875265281004
41.95,30.279752409169195
42.0,30.32181153023961
42.050000000000004,30.36307492679719
42.1,30.403817895882227
42.150000000000006,30.44427055023926
42.2,30.48370522470563
42.25,30.52124210429858
42.300000000000004,30.558301217621867
42.35,30.594971645521078
42.400000000000006,30.630749597877426
42.45,30.666110157950932
42.5,30.699904349642516
42.550000000000004,30.733071714512434
42.6,30.7656039009143
42.650000000000006,30.797522582356876
42.7,30.829059132604225
42.75,30.859217591496797
42.800000000000004,30.888675186274508
42.85,30.91769377902253
42.900000000000006,30.945942254303706
42.95,30.973565619235902
43.0,31.0004250436333
43.050000000000004,31.0268033638044
43.1,31.052478710222942
43.150000000000006,31.07833539313384
43.2,31.103777001970546
43.25,31.127968361572155
43.300000000000004,31.15102513162534
43.35,31.173717379680298
43.400000000000006,31.195693858719025
43.45,31.216275484923212
43.5,31.23558086994407
43.550000000000004,31.254051823124748
43.6,31.272054823384103
43.650000000000006,31.289092645310824
43.7,31.305161062700893
43.75,31.32088051676085
43.800000000000004,31.336016103864914
43.85,31.350287027172072
43.900000000000006,31.364522363745124
43.95,31.377764424857034
44.0,31.391250303908517
44.050000000000004,31.403449482894466
44.1,31.414473625819166
44.150000000000006,31.425448760062977
44.2,31.43615444150509
44.25,31.446552825181048
44.300000000000004,31.45744902390604
44.35,31.46707138515952
44.400000000000006,31.476761768933223
44.45,31.485826711771054
44.5,31.49338545572908
44.550000000000004,31.50030179599118
44.6,31.506928259301723
44.650000000000006,31.51312522373213
44.7,31.518938932994605
44.75,31.524872396649283
44.800000000000004,31.531104026492873
44.85,31.53746308508341
44.900000000000006,31.54326940186095
44.95,31.548293795531315
45.0,31.55257597153842
45.050000000000004,31.55701838344205
45.1,31.5609249237712
45.150000000000006,31.564270655509517
45.2,31.567854246866716
45.25,31.570112948624683
45.300000000000004,31.571601055140114
45.35,31.573864695104458
45.400000000000006,31.576367265144484
45.45,31.578669484069458
45.5,31.579830909337407
45.550000000000004,31.581415848032904
45.6,31.582916837333656
45.650000000000006,31.583532157341903
45.7,31.584134844905414
45.75,31.58375968246246
45.800000000000004,31.58274871834436
45.85,31.582019764490955
45.900000000000006,31.58134137008743
45.95,31.57992215823262
46.0,31.577460557738043
46.050000000000004,31.574673911627528
46.1,31.572050079292904
46.150000000000006,31.568314651515607
46.2,31.56452096450781
46.25,31.56042057943218
46.300000000000004,31.555297644120433
46.35,31.55000889581885
46.400000000000006,31.543955805274084
46.45,31.536863473390508
46.5,31.529370816262702
46.550000000000004,31.522145929703147
46.6,31.51401226309326
46.650000000000006,31.506346081621718
46.7,31.498081260517992
46.75,31.489101672079524
46.800000000000004,31.4795956584628
46.85,31.469511972785657
46.900000000000006,31.45819784520196
46.95,31.445697733017166
47.0,31.432618342295452
47.050000000000004,31.418722899509664
47.1,31.40410282982176
47.150000000000006,31.388029308089944
47.2,31.372300396413998
47.25,31.356486708059276
47.300000000000004,31.33947842278545
47.35,31.32282278723432
47.400000000000006,31.305701037825212
47.45,31.287953579203997
47.5,31.26929081691326
47.550000000000004,31.24944179182729
47.6,31.228857163029694
47.650000000000006,31.208251718182403
47.7,31.187348888436976
47.75,31.166849853423013
47.800000000000004,31.145721903719
47.85,31.124292914249992
47.900000000000006,31.101023026237897
47.95,31.077730904050256
48.0,31.055047633310124
48.050000000000004,31.03247435967121
48.1,31.010512163253733
48.150000000000006,30.98861587193352
48.2,30.96670593860678
48.25,30.94409752727999
48.300000000000004,30.92141705553691
48.35,30.898044229427274
48.400000000000006,30.8752964268327
48.45,30.85194452097791
48.5,30.828220798653064
48.550000000000004,30.805018148262164
48.6,30.7823711520714
48.650000000000006,30.760617968091278
48.7,30.738829728971325
48.75,30.717232742182105
48.800000000000004,30.695156513255416
48.85,30.67255808861528
48.900000000000006,30.65046926014387
48.95,30.627504000417773
49.0,30.6036408610905
49.050000000000004,30.579965744111036
49.1,30.555395699397966
49.150000000000006,30.5295092456821
49.2,30.503412594428514
49.25,30.477722337623206
49.300000000000004,30.451127912561887
49.35,30.423552847667516
49.400000000000006,30.39558607131439
49.45,30.367386598590798
49.5,30.33842660820323
49.550000000000004,30.30829321935386
49.6,30.27785392119627
49.650000000000006,30.24726701985066
49.7,30.216404068718276
49.75,30.185559981229005
49.800000000000004,30.154997600319547
49.85,30.123521418816253
49.900000000000006,30.091974899387388
49.95,30.061101877305482
50.0,30.030119922870252
50.050000000000004,29.997994542762687
50.1,29.967059376774085
50.150000000000006,29.93631545184671
50.2,29.905786521761186
50.25,29.875266571510682
50.300000000000004,29.845649713362253
50.35,29.81500414167404
50.400000000000006,29.783191165508036
50.45,29.75108328623892
50.5,29.718704667595233
50.550000000000004,29.686528208539695
50.6,29.6540009156345
50.650000000000006,29.621148914104605
50.7,29.588652809186016
50.75,29.556868636832522
50.800000000000004,29.52499097982554
50.85,29.49352800286001
50.900000000000006,29.462668096993823
50.95,29.431340059130953
51.0,29.400100812097737
51.050000000000004,29.369478868337712
51.1,29.338856720124145
51.150000000000006,29.308597645975308
51.2,29.278196477895293
51.25,29.249039124749082
51.300000000000004,29.220112898013852
51.35,29.19127271118439
51.400000000000006,29.163120475161865
51.45,29.13602386384029
51.5,29.110112836679317
51.550000000000004,29.085330562457656
51.6,29.061628292325928
51.650000000000006,29.03818325944645
51.7,29.015825539134408
51.75,28.99332532988061
51.800000000000004,28.970795051563268
51.85,28.947858261263438
51.900000000000006,28.925044968186892
51.95,28.902516656286597
52.0,28.880616474565855
52.050000000000004,28.85878265607819
52.1,28.838057494992306
52.150000000000006,28.817797278952252
52.2,28.798227295098343
52.25,28.778279239444224
52.300000000000004,28.758360262684093
52.35,28.739079058421282
52.400000000000006,28.72027046712008
52.45,28.70237014438484
52.5,28.685094883201305
52.550000000000004,28.66923075498057
52.6,28.653952996238253
52.650000000000006,28.639229759815255
52.7,28.62446511025209
52.75,28.610148701564164
52.800000000000004,28.596468479369673
52.85,28.583259237348013
52.900000000000006,28.569684801403795
52.95,28.556743469468856
53.0,28.544416615475797
53.050000000000004,28.532019640035408
53.1,28.5198608432626
53.150000000000006,28.508124483862506
53.2,28.496199896831868
53.25,28.48414032695256
53.300000000000004,28.472960794084827
53.35,28.462448430041842
53.400000000000006,28.45218403876899
53.45,28.442128822915794
53.5,28.432437111228264
53.550000000000004,28.422557799710482
53.6,28.413392955768547
53.650000000000006,28.40366725241312
53.7,28.394107802437
53.75,28.384370152221617
53.800000000000004,28.37450768683381
53.85,28.364822491537033
53.900000000000006,28.35576007619464
53.95,28.34702163434669
54.0,28.339188979292697
54.050000000000004,28.331265993893147
54.1,28.32227590743638
54.150000000000006,28.31260802250193
54.2,28.30315049417821
54.25,28.29376504664502
54.300000000000004,28.284005970373993
54.35,28.274485394440056
54.400000000000006,28.26482194458954
54.45,28.25497586584316
54.5,28.24470447933699
54.550000000000004,28.2338801450639
54.6,28.22295758697204
54.650000000000006,28.2119256821206
54.7,28.201682850737196
54.75,28.19151675858268
54.800000000000004,28.180882801013794
54.85,28.16951746050409
54.900000000000006,28.158832551037506
54.95,28.14871237630931
55.0,28.138371167864886
55.050000000000004,28.127607916209136
55.1,28.11716463371218
55.150000000000006,28.107344218136845
55.2,28.098417192713775
55.25,28.08973067977488
55.300000000000004,28.08096932121989
55.35,28.072607685608016
55.400000000000006,28.06416544817076
55.45,28.05534248459978
55.5,28.046801988673447
55.550000000000004,28.037520211623157
55.6,28.028353069653292
55.650000000000006,28.01932260204618
55.7,28.01013784803157
55.75,28.000087921152005
55.800000000000004,27.989923007538327
55.85,27.979349748321063
55.900000000000006,27.968857372129722
55.95,27.95931851462303
56.0,27.94924373792774
56.050000000000004,27.939124524216428
56.1,27.928715607895338
56.150000000000006,27.918526702423783
56.2,27.90840848862728
56.25,27.898227161924414
56.300000000000004,27.888057352425907
56.35,27.877371602980535
56.400000000000006,27.86768981219769
56.45,27.858315003906075
56.5,27.849101448323623
56.550000000000004,27.840315780934315
56.6,27.83201025404861
56.650000000000006,27.82404968992657
56.7,27.815855251690223
56.75,27.807764420891598
56.800000000000004,27.79962796652048
56.85,27.79096779725681
56.900000000000006,27.7832403192575
56.95,27.776548015159566
57.0,27.769344764332367
57.050000000000004,27.761615298213435
57.1,27.754214824907315
57.150000000000006,27.74700767654135
57.2,27.74038171354474
57.25,27.73472408158571
57.300000000000004,27.729352646754727
57.35,27.72422004449573
57.400000000000006,27.719615436639604
57.45,27.714287659281478
57.5,27.710296248537876
57.550000000000004,27.7073060319147
57.6,27.70418000160766
57.650000000000006,27.700920630295858
57.7,27.698102178545014
57.75,27.69620515983909
57.800000000000004,27.69496985457321
57.85,27.694872104141055
57.900000000000006,27.696416187026276
57.95,27.698581685213266
58.0,27.701702528810372
58.050000000000004,27.705886026193088
58.1,27.710132911414416
58.150000000000006,27.715127297413638
58.2,27.72102886999145
58.25,27.727303240855658
58.300000000000004,27.73445877960961
58.35,27.74246340140591
58.400000000000006,27.749921411943493
58.45,27.757896072765423
58.5,27.76603280477566
58.550000000000004,27.774847615296487
58.6,27.784013206054418
58.650000000000006,27.794650616807424
58.7,27.805675752532945
58.75,27.81710114944855
58.800000000000004,27.828459607775894
58.85,27.839985292589084
58.900000000000006,27.85222634624147
58.95,27.86451964575593
59.0,27.87758690891867
59.050000000000004,27.890490239626168
59.1,27.90363934559691
59.150000000000006,27.916988434006118
59.2,27.931001903778395
59.25,27.945076072102317
59.300000000000004,27.960332023197772
59.35,27.97498938776345
59.400000000000006,27.98943340110571
59.45,28.004045311015265
59.5,28.01848149192191
59.550000000000004,28.03357687638671
59.6,28.04953681130287
59.650000000000006,28.064965760233584
59.7,28.080514833149376
59.75,28.096027053072543
59.800000000000004,28.112130869389873
59.85,28.12845667259734
59.900000000000006,28.145018749682524
59.95,28.16250735436947
60.0,28.18014928400968
60.050000000000004,28.19870138003473
60.1,28.218259657667232
60.150000000000006,28.238959378653874
60.2,28.260880755988975
60.25,28.283412993725733
60.300000000000004,28.307053450037053
60.35,28.33135627233179
60.400000000000006,28.356344335946417
60.45,28.382025506805768
60.5,28.4085229141186
60.550000000000004,28.43591621553134
60.6,28.463223817077925
60.650000000000006,28.490511178448227
60.7,28.517930209387416
60.75,28.5456517799478
60.800000000000004,28.57399637593527
60.85,28.602602354818515
60.900000000000006,28.630994488482244
60.95,28.660828605405943
61.0,28.691600233680386
61.050000000000004,28.722996358928803
61.1,28.75490951491833
61.150000000000006,28.787559890940198
61.2,28.82109389410667
61.25,28.855528413171655
61.300000000000004,28.891528179036985
61.35,28.928486381192688
61.400000000000006,28.965630195074162
61.45,29.00303193314337
61.5,29.041236602352186
61.550000000000004,29.079602598821822
61.6,29.119248616813174
61.650000000000006,29.159686994178458
61.7,29.199924062972126
61.75,29.2409631938292
61.800000000000004,29.282433174878562
61.85,29.324119840027258
61.900000000000006,29.36576244629698
61.95,29.407777642986677
62.0,29.450560428949267
62.050000000000004,29.493580958245765
62.1,29.53718281403419
62.150000000000006,29.581309726678864
62.2,29.626079099584633
62.25,29.671174443262704
62.300000000000004,29.717276130065727
62.35,29.764305206331958
62.400000000000006,29.811584978780207
62.45,29.859133700434
62.5,29.90669757637171
62.550000000000004,29.954868720400714
62.6,30.003646793567235
62.650000000000006,30.052754763688423
62.7,30.102701559455557
62.75,30.153382946957482
62.800000000000004,30.20441272958241
62.85,30.255909838174485
62.900000000000006,30.307231878009993
62.95,30.358697868612115
63.0,30.411148351241128
63.050000000000004,30.46377250409264
63.1,30.516258484950665
63.150000000000006,30.56856089554572
63.2,30.621813171998323
63.25,30.674923764175727
63.300000000000004,30.727490916777295
63.35,30.780279092711897
63.400000000000006,30.832913245571465
63.45,30.88535516583997
63.5,30.938016487522045
63.550000000000004,30.99060613974362
63.6,31.04320569212402
63.650000000000006,31.095133831484393
63.7,31.14702971155315
63.75,31.1988459990986
63.800000000000004,31.25023120443658
63.85,31.30089581240554
63.900000000000006,31.35191567286443
63.95,31.4022888538151
64.0,31.45259246606347
64.05,31.502581080122916
64.10000000000001,31.55308781801639
64.15,31.603782856538217
64.2,31.654473970001614
64.25,31.70507985724885
64.3,31.754833828590048
64.35000000000001,31.8047899490201
64.4,31.85409984891006
64.45,31.902720528555296
64.5,31.951543877155707
64.55,32.000415198015006
64.60000000000001,32.04890338081067
64.65,32.09713039439135
64.7,32.14550930030536
64.75,32.19395731316044
64.8,32.24227397819235
64.85000000000001,32.29012639985366
64.9,32.338113436963646
64.95,32.38529249244223
65.0,32.43273923252335
65.05,32.47985138504724
65.10000000000001,32.52754374541428
65.15,32.57537507321948
65.2,32.62308313477707
65.25,32.67111960512215
65.3,32.71990333852265
65.35000000000001,32.76952834291031
65.4,32.81943066211214
65.45,32.86960151376026
65.5,32.92014055580635
65.55,32.97092665419304
65.60000000000001,33.02200476703573
65.65,33.074112718544804
65.7,33.12631038643113
65.75,33.178553251658954
65.8,33.231328312943646
65.85000000000001,33.28426733595721
65.9,33.33704799058763
65.95,33.38973691090949
66.0,33.44186337842128
66.05,33.49385498365522
66.10000000000001,33.54585551870354
66.15,33.59792386199798
66.2,33.65015996705546
66.25,33.7029058542777
66.3,33.75463499956636
66.35000000000001,33.80612202415094
66.4,33.85733195362938
66.45,33.908170712153876
66.5,33.9587370290085
66.55,34.008997988955734
66.60000000000001,34.058963894234914
66.65,34.10916498616974
66.7,34.159342905568586
66.75,34.209202464670916
66.8,34.259137616415835
66.85000000000001,34.30889307372336
66.9,34.35754074702132
66.95,34.405322789314724
67.0,34.45260567842843
67.05,34.499587118812066
67.10000000000001,34.546116457658414
67.15,34.59159682013733
67.2,34.63614812426272
67.25,34.67998833703091
67.3,34.722933797291105
67.35000000000001,34.76505285948862
67.4,34.80747508824243
67.45,34.84854402114464
67.5,34.888785653128984
67.55,34.92869348690342
67.60000000000001,34.96805286724511
67.65,35.00758034913438
67.7,35.04644596128492
67.75,35.083911052479586
67.8,35.12055010832512
67.85000000000001,35.15559307312424
67.9,35.19076996177496
67.95,35.22607136604777
68.0,35.2607113127665
68.05,35.294132590970605
68.10000000000001,35.32619014142546
68.15,35.35729285017908
68.2,35.38751488649474
68.25,35.416775729439614
68.3,35.44644204585787
68.35000000000001,35.47543988681364
68.4,35.50336375381679
68.45,35.53075191782044
68.5,35.55678182204994
68.55,35.582056758038355
68.60000000000001,35.60655316311286
68.65,35.63053733187494
68.7,35.65331545967344
68.75,35.67494060261797
68.8,35.695299100063124
68.85000000000001,35.71558887358314
68.9,35.73553295711565
68.95,35.75504543882368
69.0,35.774221587087645
69.05,35.7927092653538
69.10000000000001,35.81075060572821
69.15,35.828540731722775
69.2,35.84585129253062
69.25,35.8619007193093
69.3,35.87801569465898
69.35000000000001,35.89352337149617
69.4,35.908372831242964
69.45,35.923255112124465
69.5,35.93736620360072
69.55,35.95098919306304
69.60000000000001,35.964240331487545
69.65,35.977446128725816
69.7,35.98994093377686
69.75,36.00231844874066
69.8,36.013939036841066
69.85000000000001,36.025508967315545
69.9,36.03671570452855
69.95,36.04772294261248
70.0,36.05878171329191
70.05,36.07020226024064
70.10000000000001,36.0815967230041
70.15,36.092225155467375
70.2,36.10299656570986
70.25,36.11339942083552
70.3,36.12420858620567
70.35000000000001,36.13411251654449
70.4,36.14352275790753
70.45,36.15379890981151
70.5,36.16349109633552
70.55,36.1728633797855
70.60000000000001,36.181946133401695
70.65,36.19066487969699
70.7,36.19921538178591
70.75,36.207074835262645
70.8,36.214569895989634
70.85000000000001,36.221575389107535
70.9,36.22885477573464
70.95,36.23605747713133
71.0,36.2434402759238
71.05,36.251422134824594
71.10000000000001,36.259621148294954
71.15,36.26739827630668
71.2,36.275519410159575
71.25,36.284693728407646
71.3,36.293870974920445
71.35000000000001,36.30330485877428
71.4,36.3131194311983
71.45,36.32368562089379
71.5,36.33490201230579
71.55,36.346194109648735
71.60000000000001,36.357655823391255
71.65,36.369052954329845
71.7,36.38077716404615
71.75,36.39225598196895
71.8,36.403988901418046
71.85000000000001,36.41538693329962
71.9,36.42674033661373
71.95,36.43754967415265
72.0,36.4483221302973
72.05,36.45999831047757
72.10000000000001,36.4708513383479
72.15,36.481353266912855
72.2,36.491630210472486
72.25,36.5019557103314
72.3,36.51238956537561
72.35000000000001,36.522427222845295
72.4,36.53257308885641
72.45,36.54229756038355
72.5,36.551897222198654
72.55,36.56178434349976
72.60000000000001,36.57173720798055
72.65,36.58148252287622
72.7,36.59139028606547
72.75,36.6010821783095
72.8,36.610333266131285
72.85000000000001,36.6193282664612
72.9,36.62829675364944
72.95,36.63708094227424
73.0,36.645808233347914
73.05,36.65333629707642
73.10000000000001,36.65978672605579
73.15,36.666169836469805
73.2,36.67178527851855
73.25,36.67643291491838
73.3,36.68127950340106
73.35000000000001,36.685172804224266
73.4,36.68886710621382
73.45,36.69272106632461
73.5,36.69681727085162
73.55,36.70087783677957
73.60000000000001,36.70442232427144
73.65,36.70790311364504
73.7,36.710674154909924
73.75,36.713786918774105
73.8,36.71674929061685
73.85000000000001,36.7191926202786
73.9,36.7216698918411
73.95,36.72352910061998
74.0,36.72551579607697
74.05,36.72688483773467
74.10000000000001,36.72753193543587
74.15,36.72805197346151
74.2,36.727865850514824
74.25,36.726820722303394
74.3,36.725715489040695
74.35000000000001,36.72386284830896
74.4,36.721139809492264
74.45,36.71833375353301
74.5,36.71415618465962
74.55,36.70887957965356
74.60000000000001,36.7028506283255
74.65,36.69663813270503
74.7,36.68940315370826
74.75,36.68197335077346
74.8,36.674163172589445
74.85000000000001,36.66557688445991
74.9,36.657046361609325
74.95,36.6477139537294
75.0,36.63792565798267
75.05,36.62723488975004
75.10000000000001,36.616218248108844
75.15,36.60426225712465
75.2,36.59137760430057
75.25,36.577669362876534
75.3,36.56279466545213
75.35000000000001,36.54686357236372
75.4,36.52988042720276
75.45,36.51161151885859
75.5,36.49270828362902
75.55,36.47295582732264
75.60000000000001,36.45253215705156
75.65,36.43153572724629
75.7,36.40950324111804
75.75,36.38633073505141
75.8,36.362050763441815
75.85000000000001,36.336317755608476
75.9,36.30993057887443
75.95,36.282827996011505
76.0,36.25425417142373
76.05,36.22406458643443
76.10000000000001,36.192884664714235
76.15,36.1606785624647
76.2,36.128008011466605
76.25,36.09535794799222
76.3,36.06255484255852
76.35000000000001,36.02907622127694
76.4,35.99446012277655
76.45,35.95980050568186
76.5,35.92468903468386
76.55,35.88878307594338
76.60000000000001,35.852849253225685
76.65,35.816214836537355
76.7,35.779474388219974
76.75,35.74241265596672
76.80000000000001,35.705714468788315
76.85000000000001,35.66841042935475
76.9,35.63138453632378
76.95,35.594357889635965
77.0,35.556511203979184
77.05000000000001,35.51762463436998
77.10000000000001,35.47837870995546
77.15,35.43878140347621
77.2,35.39944612068476
77.25,35.36000786344228
77.30000000000001,35.320414172425515
77.35000000000001,35.280951843413604
77.4,35.2415177589247
77.45,35.201742574910824
77.5,35.16077453045765
77.55000000000001,35.11978010116753
77.60000000000001,35.07943821234693
77.65,35.03906044862045
77.7,34.99861879723149
77.75,34.95888733716365
77.80000000000001,34.91907000785301
77.85000000000001,34.87894805406962
77.9,34.83804204586612
77.95,34.79753680442593
78.0,34.75656498038757
78.05000000000001,34.716048474455505
78.10000000000001,34.674438350513235
78.15,34.632113985475485
78.2,34.589417052753056
78.25,34.54559709136931
78.30000000000001,34.50148432641218
78.35000000000001,34.45665578869144
78.4,34.411730348973954
78.45,34.36579531784363
78.5,34.319292848941366
78.55000000000001,34.272219528044744
78.60000000000001,34.22583949435963
78.65,34.17861280501826
78.7,34.130760836463516
78.75,34.08409910578024
78.80000000000001,34.03784262477198
78.85000000000001,33.99116013244353
78.9,33.94513834875228
78.95,33.89998070365444
79.0,33.855558203289746
79.05000000000001,33.81088592771111
79.10000000000001,33.76630075628332
79.15,33.721797486530356
79.2,33.67816717074376
79.25,33.63418283934389
79.30000000000001,33.58949962499128
79.35000000000001,33.545397288323336
79.4,33.50099198957304
79.45,33.4574141552103
79.5,33.414705622771145
79.55000000000001,33.37241399804116
79.60000000000001,33.33022832528016
79.65,33.288613852804374
79.7,33.24689366985662
79.75,33.20513019816911
79.80000000000001,33.16353445865831
79.85000000000001,33.12262141103391
79.9,33.08234334887126
79.95,33.0436284787172
80.0,33.00367158957254
80.05000000000001,32.96330800745844
80.10000000000001,32.92311454335379
80.15,32.88240614888258
80.2,32.84168550533797
80.25,32.80091918351871
80.30000000000001,32.759336974188514
80.35000000000001,32.71827452945187
80.4,32.676669301640565
80.45,32.6359862203256
80.5,32.59507386313462
80.55000000000001,32.553460556949965
80.60000000000001,32.512196540778575
80.65,32.470264842382285
80.7,32.429729823787746
80.75,32.38960085148593
80.80000000000001,32.35043688303063
80.85000000000001,32.31128219437188
80.9,32.27242192127034
80.95,32.233508721570814
81.0,32.195096801543734
81.05000000000001,32.15764332837582
81.10000000000001,32.11949989675532
81.15,32.08122683478634
81.2,32.04299662378002
81.25,32.005135105688765
81.30000000000001,31.968203189927166
81.35000000000001,31.93228466750303
81.4,31.897473869426573
81.45,31.86263392878328
81.5,31.827771307882802
81.55000000000001,31.7942788022065
81.60000000000001,31.762870107117646
81.65,31.731058122124583
81.7,31.700583052320848
81.75,31.669308954203384
81.80000000000001,31.638102205975372
81.85000000000001,31.607904256826945
81.9,31.577851437819024
81.95,31.549495204880348
82.0,31.522444348642345
82.05000000000001,31.49565560686018
82.10000000000001,31.470249266747054
82.15,31.44560823149063
82.2,31.42151753143125
82.25,31.397782637720365
82.30000000000001,31.37518393758418
82.35000000000001,31.35219073958659
82.4,31.33013468315543
82.45,31.30862415321006
82.5,31.287834195541663
82.55000000000001,31.26755368183821
82.60000000000001,31.247596484865205
82.65,31.227942559552798
82.7,31.208067149601003
82.75,31.18843530817748
82.80000000000001,31.168366770015137
82.85000000000001,31.14828775135918
82.9,31.128292193787793
82.95,31.10832754917613
83.0,31.088136708391264
83.05000000000001,31.06813387510444
83.10000000000001,31.048027590133493
83.15,31.028134637086744
83.2,31.007154666753948
83.25,30.98576937685528
83.30000000000001,30.963748673225908
83.35000000000001,30.941515967644076
83.4,30.91840104629731
83.45,30.8956791358943
83.5,30.872539157223976
83.55000000000001,30.849192702978275
83.60000000000001,30.826159789848543
83.65,30.803009774494797
83.7,30.779439640451486
83.75,30.755836025971277
83.80000000000001,30.73211241010786
83.85000000000001,30.708830627479617
83.9,30.685192150853027
83.95,30.66090635346644
84.0,30.635695805281603
84.05000000000001,30.609962541370532
84.10000000000001,30.584292903360865
84.15,30.557749336715617
84.2,30.53131945972114
84.25,30.504843236970288
84.30000000000001,30.478009494409797
84.35000000000001,30.45162950736694
84.4,30.42443048958692
84.45,30.397125681202077
84.5,30.37080495412143
84.55000000000001,30.34393444415638
84.60000000000001,30.31664472373388
84.65,30.28996872840027
84.7,30.264042499744853
84.75,30.238002698243537
84.80000000000001,30.212047104976712
84.85000000000001,30.18636158140844
84.9,30.160315503473566
84.95,30.13383162968772
85.0,30.10757910701397
85.05000000000001,30.082094442200138
85.10000000000001,30.056330597142423
85.15,30.03010933891447
85.2,30.003756504664295
85.25,29.97810200064491
85.30000000000001,29.952809580240054
85.35000000000001,29.92653528535737
85.4,29.90083596344513
85.45,29.874909725199323
85.5,29.849003058204676
85.55000000000001,29.82349109507179
85.60000000000001,29.79782384818157
85.65,29.772278654185342
85.7,29.746866836727303
85.75,29.72112771332371
85.80000000000001,29.69654207599896
85.85000000000001,29.671092903302924
85.9,29.64479608498439
85.95,29.618592201967527
86.0,29.59135248624142
86.05000000000001,29.564671456599882
86.10000000000001,29.53887482067904
86.15,29.513564219398535
86.2,29.488643603522352
86.25,29.46352171904437
86.30000000000001,29.4383366384089
86.35000000000001,29.412368586454022
86.4,29.385918529620067
86.45,29.359368456617652
86.5,29.332078725997256
86.55000000000001,29.305195408176886
86.60000000000001,29.277959436701973
86.65,29.251003391983165
86.7,29.224788374324007
86.75,29.198020350050093
86.80000000000001,29.171068979006133
86.85000000000001,29.144192345052925
86.9,29.117070124328517
86.95,29.090688897370338
87.0,29.065329134278134
87.05000000000001,29.04072622528185
87.10000000000001,29.0162111967504
87.15,28.99164923020193
87.2,28.966929540846365
87.25,28.941971565196493
87.30000000000001,28.917106741999216
87.35000000000001,28.892269203414784
87.4,28.868029087849937
87.45,28.84325479412389
87.5,28.81915297547543
87.55000000000001,28.79569369876045
87.60000000000001,28.77310347366537
87.65,28.75016369308747
87.7,28.727553044142304
87.75,28.705482691313946
87.80000000000001,28.683886240216307
87.85000000000001,28.661675362046395
87.9,28.639225460610838
87.95,28.617219208411726
88.0,28.59397632438252
88.05000000000001,28.570798743830725
88.10000000000001,28.548178836973456
88.15,28.525926494441947
88.2,28.50391743490168
88.25,28.482072250078218
88.30000000000001,28.46076886942961
88.35000000000001,28.43985924235217
88.4,28.418679842061074
88.45,28.39828782303437
88.5,28.378216038131903
88.55000000000001,28.35808335392058
88.60000000000001,28.33832052591959
88.65,28.31808738200285
88.7,28.297322319491144
88.75,28.276898477914635
88.80000000000001,28.256244672162932
88.85000000000001,28.23557496525605
88.9,28.214996814895105
88.95,28.194810148374017
89.0,28.174707105016537
89.05000000000001,28.154651010310033
89.10000000000001,28.134538619765163
89.15,28.115535021833136
89.2,28.096416129746235
89.25,28.0767456436227
89.30000000000001,28.057199966498512
89.35000000000001,28.037607420536972
89.4,28.018599034280495
89.45,27.999920648131887
89.5,27.982598174725947
89.55000000000001,27.96546449324741
89.60000000000001,27.94857863181705
89.65,27.931701207642003
89.7,27.91598747110368
89.75,27.901710956689634
89.80000000000001,27.887649826333696
89.85000000000001,27.87412275434677
89.9,27.861320587506157
89.95,27.850196021077476
90.0,27.83968599517317
90.05000000000001,27.83019505507266
90.10000000000001,27.822332135680504
90.15,27.81539237469384
90.2,27.810061282646974
90.25,27.805403031353272
90.30000000000001,27.80147131803788
90.35000000000001,27.79881232217331
90.4,27.796727790680755
90.45,27.795305782135085
90.5,27.794830370750052
90.55000000000001,27.794302848325163
90.60000000000001,27.79442192549876
90.65,27.796061253876932
90.7,27.799294794820206
90.75,27.80339294418857
90.80000000000001,27.80943610970471
90.85000000000001,27.816802773305778
90.9,27.82550000599293
90.95,27.836012394582177
91.0,27.84738562040656
91.05000000000001,27.85962252479062
91.10000000000001,27.873150627593628
91.15,27.888094936576472
91.2,27.90367146790787
91.25,27.920526112163063
91.30000000000001,27.938547223664507
91.35000000000001,27.957630372231094
91.4,27.97773405293
91.45,27.99979152804975
91.5,28.02320688083271
91.55000000000001,28.047742185941424
91.60000000000001,28.073479718037582
91.65,28.099333837914333
91.7,28.12533383479026
91.75,28.152582853014312
91.80000000000001,28.180122256433627
91.85000000000001,28.208604180171935
91.9,28.238616046192558
91.95,28.26979163429184
92.0,28.301764850511013
92.05000000000001,28.33501944794513
92.10000000000001,28.368790203842735
92.15,28.403093083996406
92.2,28.43851453413452
92.25,28.474746968191422
92.30000000000001,28.511317797642825
92.35000000000001,28.548995068922327
92.4,28.58770337466925
92.45,28.62711295134295
92.5,28.666878746490077
92.55000000000001,28.707492704285702
92.60000000000001,28.748486482465164
92.65,28.79022489447975
92.7,28.831842317559026
92.75,28.87406940543809
92.80000000000001,28.917153030978003
92.85000000000001,28.960753118640593
92.9,29.004450252766922
92.95,29.049022551795723
93.0,29.095120257598058
93.05000000000001,29.14204793651359
93.10000000000001,29.19001580503853
93.15,29.239323531731632
93.2,29.289588117253643
93.25,29.341231796796706
93.30000000000001,29.394144682249657
93.35000000000001,29.448577928868634
93.4,29.50384514390917
93.45,29.559486466962934
93.5,29.615861950097294
93.55000000000001,29.6723281179799
93.60000000000001,29.730132828977514
93.65,29.788252391407003
93.7,29.847383977687535
93.75,29.906897381738453
93.80000000000001,29.96754232501631
93.85000000000001,30.028366873598287
93.9,30.089842429846893
93.95,30.152319025667833
94.0,30.21516181024301
94.05000000000001,30.2778200667072
94.10000000000001,30.340992252349764
94.15,30.40403521824691
94.2,30.467564733233846
94.25,30.531823203515724
94.30000000000001,30.5965170169039
94.35000000000001,30.662086068922363
94.4,30.727768809810627
94.45,30.793356868053326
94.5,30.858113978637167
94.55000000000001,30.923148496050135
94.60000000000001,30.988892563714504
94.65,31.055638849850382
94.7,31.122811930011867
94.75,31.19036743065335
94.80000000000001,31.25831743162917
94.85000000000001,31.32704007734212
94.9,31.395015454309604
94.95,31.462778845326916
95.0,31.530418474416642
95.05000000000001,31.598633301417756
95.10000000000001,31.667530580007003
95.15,31.73652624755088
95.2,31.80619996376668
95.25,31.87576521305782
95.30000000000001,31.945372629753916
95.35000000000001,32.01470455599555
95.4,32.08457782873723
95.45,32.1546661841789
95.5,32.223152696163865
95.55000000000001,32.291929041226254
95.60000000000001,32.36099639901941
95.65,32.429579667682
95.7,32.49803463669545
95.75,32.56592790470149
95.80000000000001,32.634381915287534
95.85000000000001,32.70336871791589
95.9,32.77223728290439
95.95,32.84063208424051
96.0,32.90894787420223
96.05000000000001,32.97705271595901
96.10000000000001,33.04509976121258
96.15,33.11224781010764
96.2,33.1793540026564
96.25,33.24707830877935
96.30000000000001,33.31341162964389
96.35000000000001,33.37839535037331
96.4,33.44258740223382
96.45,33.50628993320558
96.5,33.568765586559245
96.55000000000001,33.631558487697546
96.60000000000001,33.69318031195853
96.65,33.75484164599019
96.7,33.81621612791374
96.75,33.876657193549924
96.80000000000001,33.936210118796424
96.85000000000001,33.99505147844914
96.9,34.052314774971784
96.95,34.10860253468798
97.0,34.16396466402292
97.05000000000001,34.21909633774114
97.10000000000001,34.27316969432846
97.15,34.32618734794406
97.2,34.37848733973694
97.25,34.429606184594576
97.30000000000001,34.480194424412915
97.35000000000001,34.53009588088381
97.4,34.57834686222808
97.45,34.6252769173731
97.5,34.671070605406584
97.55000000000001,34.71529303618556
97.60000000000001,34.759363994171665
97.65,34.802227309172565
97.7,34.84340118103953
97.75,34.8841393131859
97.80000000000001,34.92382235107252
97.85000000000001,34.96269628619631
97.9,34.99956640326213
97.95,35.0350790072307
98.0,35.070018787897816
98.05000000000001,35.10469378983324
98.10000000000001,35.13907903321638
98.15,35.17163472377824
98.2,35.20208422596415
98.25,35.23277106685637
98.30000000000001,35.26243949457858
98.35000000000001,35.29189897227154
98.4,35.32196695503391
98.45,35.3518160456127
98.5,35.382191606614285
98.55000000000001,35.412204680630545
98.60000000000001,35.44176481502668
98.65,35.471622972272826
98.7,35.499986469094964
98.75,35.52844722250455
98.80000000000001,35.55603405506426
98.85000000000001,35.584187293014075
98.9,35.612476899439066
98.95,35.64009906670205
99.0,35.66629044733046
99.05000000000001,35.69182868196961
99.10000000000001,35.71749222439851
99.15,35.74304614626325
99.2,35.768196677637825
99.25,35.79207783455776
99.30000000000001,35.81723596896304
99.35000000000001,35.841571179047584
99.4,35.86641493301475
99.45,35.891827557068034
99.5,35.91656897115551
99.55000000000001,35.940702638193514
99.60000000000001,35.96443259837292
99.65,35.986930958259016
99.7,36.00952563126726
99.75,36.03194016775735
99.80000000000001,36.054885575296865
99.85000000000001,36.07749983968415
99.9,36.10075188897884
99.95,36.12411419280318
100.0,36.145179803539634
